,LSTM Train MAPE,LSTM Test MAPE,ED-LSTM Train MAPE,ED-LSTM Test MAPE,BD-LSTM Train MAPE,BD-LSTM Test MAPE,CNN Train MAPE,CNN Test MAPE,Covn-LSTM Single Train MAPE,Covn-LSTM Test MAPE,Transformer Train MAPE,Transformer Test MAPE,
0,"[27.8736406787381, 370.5948486991928, 60.46395908902553, 583.6889345790058, 172.03600053105595]","[8.35842238868232, 32.94233216632455, 12.23132070522322, 61.73512614777105, 24.503925463582924]","[241.50052957451123, 363.0408846252757, 371.1412229712716, 393.5578644528917, 401.6515898464757]","[23.647074998068824, 40.080672749390004, 38.879442316736494, 40.63675555638687, 41.214065339952796]","[351.1106918735499, 58.21942171322494, 188.9704074490783, 94.1028801361021, 98.27899339975436]","[35.56440618066839, 9.185919814942798, 24.999455246175245, 12.1408244758123, 12.281833836947296]","[31.27496486665014, 21.537640575779648, 43.048186880040596, 28.857163625159725, 32.28120340287587]","[82.41213956723504, 81.54076327498277, 80.16903266077942, 75.87735064413526, 73.72094825647602]","[50.09793962096136, 35.86319341562974, 36.247762900701346, 37.42297026585622, 16.1357530800859]","[78.81519667475504, 87.12159699737413, 67.23495420071329, 126.79614596707908, 119.57031309230284]","[1510.5409732079588, 175.94779156291614, 2890.9672753750647, 3853.9130697740566, 122.74388773200772]","[194.57999697931035, 71.4830796326974, 320.9185113333202, 408.1723820381201, 66.79105087468943]",
1,"[50.51801110987512, 375.544053899918, 115.22993465836167, 152.2232499721729, 16.06399915151597]","[12.516258761516571, 40.02336274087282, 19.027197284322416, 23.841811155760645, 12.194300127903496]","[652.6293371919331, 1027.4080272934184, 930.0335641826858, 959.6781188619227, 949.8652633455818]","[72.85204424818808, 95.59202178500684, 88.86659205462306, 91.45506182583796, 90.77400413996124]","[147.18657728480565, 68.68022223415264, 149.07413119629953, 76.6375063386965, 275.29868101063005]","[14.853088198876256, 21.126869705446865, 23.59715859840092, 8.932418828264156, 29.868852818525454]","[72.2420200968199, 116.26810076308604, 95.52715722611454, 102.08880278886478, 82.3670989336621]","[123.6691389152965, 168.3005016492056, 143.7968425454951, 142.76027421177676, 151.97187116543503]","[20.111239003181996, 29.226499444089782, 22.006380779216048, 17.678519893526797, 26.55851173102593]","[49.308202128235365, 66.29604577350665, 31.575488111926596, 57.558911695899305, 45.19366433483875]","[1274.0369668812668, 521.1090201167383, 918.7590552543384, 906.8037768054944, 143.14415256919318]","[143.50416800021154, 64.86984119427261, 113.19083126384241, 108.8249064191696, 38.90319992916258]",
2,"[175.96256581538142, 349.36398214758236, 177.79097815101068, 179.4370808947787, 304.47634107137776]","[21.592500944055327, 37.26980031588827, 22.308886344280324, 22.40138881569332, 32.76102279505545]","[62.71266685313264, 252.76339163266024, 207.65536875095088, 225.14378140982015, 207.77667756105856]","[18.430021117616818, 24.926720995136545, 22.2871412943835, 23.99125600053332, 22.789711357988672]","[336.87258762230175, 56.05355099525874, 269.3668192408368, 546.5233006918, 732.6188763467659]","[30.01437340619103, 8.657021394088058, 23.92340376128566, 52.54921590830961, 67.01873363797587]","[51.27482141066078, 106.83537352968548, 83.4698301522167, 118.10036493273867, 160.30206540357045]","[219.24985549369694, 245.36504598101482, 307.6765826671023, 324.6230101709235, 376.678285950732]","[49.79628651297755, 43.63243998724554, 15.029184461675953, 16.70688675701883, 18.671207117623876]","[53.14528562604409, 67.17249807172517, 30.99228259477535, 56.86688429489738, 48.69803872169468]","[2320.555489392228, 1510.424022982216, 1848.4019403235202, 1335.9472555168493, 136.53417407672833]","[244.94688366801336, 174.9267755003511, 209.9913443232453, 160.839292448614, 25.68819627355517]",
3,"[27.4184067021171, 41.41390927219251, 57.3039271579987, 73.48469423807632, 47.877744944695884]","[9.431307293505116, 11.412505163532018, 12.944430950977642, 14.2657414752294, 16.2970173991]","[88.11353152589393, 111.19173224116128, 73.74275589273897, 80.84834559243129, 88.09349711435664]","[6.880519123754819, 15.990310348837625, 14.111158409111743, 14.834752301731442, 15.937520469865765]","[407.1915523303924, 109.80936104417485, 659.061137197142, 289.08993906036665, 206.513252478175]","[42.365726940985525, 14.45422501607913, 66.06890533682014, 25.949995073488672, 23.930556647063124]","[39.533941576725354, 25.247986101421567, 60.391122469023585, 61.567922870758466, 56.83079582230772]","[300.03712216804337, 353.9548076676296, 432.2944733876911, 486.418413623881, 540.1855578976154]","[62.96176304193426, 115.1020950461645, 29.83386445455484, 17.088544699854598, 88.00832903992558]","[45.82080058291356, 70.39981043699726, 23.11592509983679, 50.510191903433345, 55.68287688356993]","[439.09430936217655, 376.6597067025658, 653.2935538953703, 87.46254666344531, 19.381121833883924]","[74.55420319617994, 77.15706101085894, 98.32054235139194, 48.81597127260287, 34.271807613177536]",
4,"[206.29375036852662, 189.0437487061514, 356.40747190324686, 146.3723334331358, 167.0491961476414]","[25.43573943674375, 26.02210267976689, 41.55797542875145, 23.78858685979381, 24.528215419371868]","[254.20628195012873, 345.8815467167589, 315.19937818569804, 328.0529620528207, 321.17110368752355]","[29.39199887234706, 38.32996676727798, 30.419831472805814, 33.684825566005394, 32.69208803645684]","[340.61485514086206, 134.27369037407772, 159.47243990152796, 453.08312258643105, 390.1965182202975]","[33.649521278887974, 17.68111070698948, 16.80582666043392, 42.194672788899766, 43.90653468829618]","[164.9698537838747, 194.1493350372596, 245.9480137255312, 199.5784869860849, 205.50729975388734]","[331.2888643867371, 356.76740238840455, 483.0244630047952, 573.2314692920512, 620.0161606444007]","[19.0151739560854, 25.111966609013948, 14.074459699129838, 20.468758917173755, 15.633759886546866]","[33.324352312942125, 60.62462246419995, 26.71644047798217, 57.23472056045213, 55.569066883713006]","[412.3129381718572, 693.6284363572903, 112.28009476462142, 353.13145075608475, 350.3141077588156]","[40.93466345822265, 99.78963988378801, 41.420161613982124, 68.14159754886148, 37.46958554930249]",
5,"[103.85285155644976, 113.08063864932762, 59.1310464805764, 63.86470367795971, 52.06125029353568]","[16.55200647299641, 18.799742937262014, 15.674710792155889, 16.86548946451227, 16.13227737126853]","[317.9572303913659, 349.41872073518886, 331.34657363092185, 340.5110493250667, 335.3697844783654]","[34.75048268460256, 41.479796938534115, 32.355770240076524, 36.3033483782411, 35.058428967361884]","[215.67441395454958, 67.77455369887853, 78.81794704679591, 198.29433526158567, 191.45082708373693]","[27.377940109507392, 8.142116138824566, 17.03346071370355, 24.72539617125334, 31.179873568835802]","[333.1148645994109, 391.0767075598377, 324.238102830867, 253.69860997185975, 274.21692188648194]","[344.53348412095124, 374.7750926102169, 509.175383647139, 648.5210089025946, 712.7024445070912]","[31.804503764289944, 63.99651642236259, 56.09736162990933, 38.362189247704876, 32.92155207077068]","[39.65333224767666, 53.831203584293, 22.821457566605076, 49.53763670792606, 48.93441252795884]","[187.58916479011793, 349.0464841852314, 423.9032335525014, 762.4686949705518, 111.09133832912337]","[54.33380285766227, 70.3057767968966, 76.91778160393096, 108.58202854561745, 52.21175802463832]",
6,"[83.30179640439866, 13.753616775308043, 32.078031814743845, 72.79841718446515, 25.470360242361057]","[16.761913430748873, 12.848165936075453, 15.075922029943841, 16.781224020154287, 15.139880060701799]","[296.8412055457046, 254.38622240858834, 233.88200268983144, 243.48621032397511, 241.82265113564432]","[32.289447580241685, 25.810590793331166, 32.75925084264131, 30.463545834319255, 31.883439793829403]","[79.9477831728925, 108.52674545622463, 208.57951340454224, 208.2743830478904, 80.81914333494227]","[15.72394937852946, 12.026904512325594, 21.567688893729425, 27.481136925075344, 15.413029674630934]","[19.482856160773856, 41.27092112357581, 34.729755377157325, 39.54880410165036, 41.14330475939711]","[297.08213023051786, 296.0428944813731, 505.66997373587, 636.6485476231524, 741.5632638439479]","[40.63987591517443, 12.141008789558336, 12.806684909400138, 35.30506676746053, 33.6103534822778]","[37.81792015031906, 52.42629462141268, 20.440675145422606, 45.27738591474916, 42.564532619982664]","[556.7758122186664, 170.37906106250696, 220.80284569489734, 347.93597007412757, 172.76647282170953]","[49.09920361859429, 52.74319419178478, 31.223723025739826, 70.86858045842973, 33.66255253841712]",
7,"[197.99513520831653, 180.84888943103948, 158.23569828067156, 158.37621725133314, 144.62967249972846]","[27.395653431412164, 25.860376823525204, 24.550920719024052, 24.01474640513343, 23.36776289850722]","[51.41221767074905, 32.589722448678145, 67.20861797169371, 54.453893805589935, 56.83932876267512]","[10.879933975293238, 14.32902649393529, 10.846060378551066, 13.103317208330804, 12.821276374780627]","[75.94811272557008, 205.97114466613027, 176.76424581499853, 233.07479319926827, 202.00511375578785]","[10.940978795590492, 20.70551457976664, 25.86095610332605, 29.920098607984986, 29.009759242061563]","[51.03907586929341, 58.65618748285042, 42.01831157497116, 31.835787743945005, 30.218318277622068]","[330.5301276657983, 285.1816091525615, 517.0935778352439, 639.6896503321534, 750.5297020807271]","[25.194341422953787, 30.55871736942385, 64.76661185211572, 57.68117133232191, 46.37262453515394]","[78.20605560592145, 133.18935155730796, 132.09949027309239, 155.56064079246886, 211.241658994233]","[226.2280330363429, 1360.7860426095665, 208.87441567947383, 845.4622569490248, 441.44011469502186]","[34.43345198194754, 116.7975790237771, 35.387309108578975, 68.68768767928059, 40.79733544930685]",
8,"[37.494224878969824, 86.1175211823442, 19.40239442154951, 17.431357472804653, 37.23498023067954]","[14.120590188156212, 18.837684308776375, 15.308532734350216, 15.839689905875748, 16.590786577753477]","[178.73561996732283, 162.2787853839017, 133.11051441878882, 146.8207070806618, 145.58326484990246]","[22.739805386356373, 18.96174929482244, 24.83089582893656, 22.64405419306846, 24.338957900940084]","[17.099672672327358, 31.274837212565266, 353.79642686679347, 188.63737444980976, 137.98797064295755]","[7.716356276869567, 8.132513355512001, 36.789514404394055, 22.725828525635393, 15.97608112338372]","[23.715036185800308, 15.130753419994598, 67.79458681958528, 54.34651597618419, 61.36029593783287]","[338.5820348955983, 283.9879618885493, 543.3999033672931, 660.8709169169574, 782.861798734725]","[19.702619803602875, 22.982426927411577, 14.455063408239843, 100.684676633182, 148.54629840858465]","[94.86527479677463, 134.93828425360098, 148.81949856828948, 127.79070257542142, 222.6019357425391]","[450.1269788887569, 1165.1774792209742, 407.06224144862864, 632.3051902330634, 33.84291723617114]","[102.38674066399508, 162.83602973753247, 96.22145412715953, 118.14888030573924, 65.99864035240807]",
9,"[80.6540934591757, 63.92779790265383, 60.739160396618075, 75.88414350062855, 90.40676972868049]","[17.33658282527465, 16.835448421484482, 17.870155547926675, 20.3420199513804, 21.596102909038397]","[261.6980885400617, 223.6769170496243, 201.69544738907885, 212.84776912262, 213.2237897281483]","[29.335771159566015, 23.933974787510245, 30.207464549539292, 27.777628736140503, 29.60647099793676]","[144.50804125742093, 48.73930371523779, 373.2272368529627, 46.34864296672627, 85.37858523352563]","[22.66537101866719, 9.209833495525928, 41.05534132298083, 11.889751880730744, 13.701644995264997]","[27.134099072761842, 26.657942203783065, 47.76906948454293, 70.72423395529607, 92.41360746471064]","[337.5469279910676, 292.6169092550991, 584.3539634531073, 659.3705927176251, 802.6640529987278]","[22.100293073727972, 25.90401968912876, 24.78142744998968, 77.18052277909678, 49.52939560777624]","[127.66265546809328, 297.18391690571696, 213.12558842043745, 176.1709237594949, 306.5219745441018]","[209.1441883910185, 285.9378636608437, 118.87455474756055, 208.00027158152355, 27.936501111818007]","[76.49818884249582, 78.59275910840165, 68.77080752979214, 76.63260429611721, 64.10815860600285]",
10,"[48.666365605217344, 77.15491411160934, 56.38231608805042, 19.21100010086202, 23.97019859095499]","[15.458105402599076, 18.607591127511274, 18.19285461138064, 17.25021248023062, 17.779664787004307]","[15.659913784336258, 11.83891899145961, 26.898402864178685, 18.284353277748213, 17.70190269411889]","[9.030220798647568, 11.809681420535892, 12.150241646966247, 12.18619201076232, 13.010192168086352]","[74.16740963222517, 64.2190025259352, 230.3250775155711, 135.90895104256143, 338.032421765751]","[17.684231839613744, 9.449997777606997, 37.03232093091659, 17.427662775249402, 41.772054831411396]","[49.84735701509228, 65.0058894690185, 68.88184266283055, 73.77861509506329, 84.39792867559063]","[443.78457245521463, 287.0080483658127, 635.0731059879785, 734.9203891999653, 866.186839417029]","[43.211879641283566, 9.93835832542859, 9.229070808627638, 11.349947239668568, 45.17700206300681]","[189.64666380038938, 464.6404408895426, 167.57944796532763, 210.1905196511085, 221.56880525916006]","[298.82981142473807, 127.94519186662792, 86.94568215259373, 139.51630172853717, 377.3034578157598]","[89.13025710582897, 73.93255631668133, 69.94175438029642, 52.997047791446846, 105.73898932128962]",
11,"[57.07636852659802, 73.30762379672517, 105.15924911474963, 109.07699310433631, 110.50348213249303]","[15.479214909703842, 17.594645826585694, 21.5591508038389, 21.21041593289347, 21.984766686744315]","[82.6873494767225, 44.84540267854956, 89.83847299801899, 72.0187168139974, 73.92592291800815]","[14.282665901129985, 15.077629443261012, 13.52132471567826, 15.178103191463183, 14.930861191127187]","[78.09490477665943, 304.3281508263164, 174.9506589267195, 106.45478919967147, 173.73002290525352]","[10.224009064963168, 33.23389025260213, 25.65467967796144, 13.832301979654735, 18.683027857126486]","[44.98691424179858, 19.38094080872107, 94.05622189930891, 31.526999801018583, 32.082265363016624]","[420.13624287910244, 336.95982299529595, 646.226850866328, 766.042531578328, 905.9297116094212]","[28.15352100242981, 70.52861488713347, 126.19757836786857, 147.34984556455362, 137.75204268511746]","[201.81880078864037, 663.7135513182191, 130.01548941015494, 290.683465625413, 167.84152871085809]","[31.672466507959165, 142.44426738072477, 18.319012235459557, 333.89675431174567, 177.14401938813484]","[56.901597083244035, 42.57577761400321, 64.54964333216617, 42.16393738418871, 60.315825359237685]",
12,"[46.331341716540756, 76.74496879765479, 97.06954053726153, 93.26828807274825, 23.363695447371626]","[15.501136598894357, 18.31819651169243, 20.977028122660045, 22.373372399373288, 17.93227809744363]","[394.45327397269483, 322.94471563711755, 365.24636133372775, 350.50960221723744, 350.4196401036947]","[42.21377975249865, 38.89106178387981, 36.936372805969235, 38.51680116656569, 37.70944346746795]","[221.0474775154408, 244.21755824704036, 203.36901605645795, 217.27493496717264, 56.241948635701846]","[26.27101752812032, 26.832919118426258, 22.713670181781488, 24.788411046159162, 12.370870051680665]","[28.54321708237586, 25.68287315796046, 40.26189811977813, 32.77006228292921, 34.72198716690623]","[369.6179407942269, 357.0634483075734, 620.4126429923521, 775.6637356523366, 923.8571963214545]","[113.9834760443429, 18.429294307988204, 47.14482957609933, 12.63205099810378, 42.18137171354655]","[208.42763061287127, 702.0796066459053, 115.81369723949024, 266.20806596872, 151.26210336245913]","[74.51367400721574, 44.353724150471194, 17.243949336632486, 333.36903090204504, 280.105412737701]","[44.5513674526538, 60.423177847171715, 59.33024666618272, 95.02288710023149, 55.46309419344323]",
13,"[224.99796044246656, 226.06662066927962, 256.16926640723403, 270.2483595288686, 284.4356358385001]","[29.76112296716592, 30.66652094896679, 34.8494490859073, 35.38593680550679, 36.68234400149705]","[478.7800854791687, 371.0722038216855, 373.5785494202275, 376.7847842496902, 380.0396789080268]","[51.89144847406213, 41.67777235551268, 47.919710117823215, 46.09327145246079, 47.3952319292758]","[116.42157023901841, 88.38795461590448, 30.986162884882557, 55.81866405329655, 114.49318540328734]","[20.1621942125486, 16.881726853295785, 11.215657244919393, 11.029216670378403, 23.16840499452218]","[20.39692746356661, 57.24253279467544, 36.659811315769346, 51.441834485600026, 54.909724691535]","[316.04191002761, 381.4917683690778, 600.1209409736688, 778.6348878924858, 928.5920985806771]","[12.08533575840851, 41.09952638028495, 166.2439156477643, 137.60514891749278, 127.30760787590467]","[219.60541888331298, 647.1698263032509, 124.50704319303327, 266.9142135321449, 209.62671080966265]","[277.15630939900296, 379.13699370698794, 61.24620113234468, 41.58581954139422, 70.59259492412446]","[75.01043421056237, 31.842519854151284, 58.84810555209772, 66.00164770499359, 65.70717821852523]",
14,"[57.98318227653835, 21.45553529692604, 30.234592529480185, 36.661846801917264, 30.629544604902527]","[14.993909478316361, 14.77377260324428, 16.973146925895712, 17.746550324674555, 18.44529478566923]","[106.53647237220036, 110.51792122582779, 130.44752178103238, 119.48040981525898, 119.76543922057405]","[19.505594739902474, 20.507472235102487, 18.830591029684395, 19.721569129311835, 19.752189194662304]","[27.975965026425044, 104.62403897461073, 107.32283750619554, 145.04252987197142, 76.1910273361342]","[11.557367993388825, 17.24598024660015, 18.743662797662235, 21.79360946962688, 13.270268215017381]","[66.10078980924689, 16.61763688003641, 31.61725922957136, 30.13117629133567, 27.344458935899997]","[281.02828901786853, 421.8063670296014, 580.4769219985468, 773.4222699487168, 927.1057320999608]","[96.6835566155358, 96.3838664605728, 147.1226763894449, 134.167155822094, 135.86414763625362]","[251.95201338522278, 359.44523710080483, 179.66071010196353, 133.33150264787326, 340.7795017482099]","[605.4438344858639, 417.62616346956196, 88.66847604483075, 34.895155989892245, 249.0460225075832]","[111.30384742993404, 93.95262263230723, 67.82174663731485, 59.47687359229461, 85.5538288081228]",
15,"[125.02982478729687, 132.7209203996743, 90.9055200906499, 77.96250764536704, 71.70693205669139]","[22.990117595786376, 23.62553209088074, 20.989780960334905, 21.791223673706337, 22.673633102090733]","[464.69300648874616, 391.86093337758007, 384.99022505330606, 392.7778872648526, 393.8004993683858]","[51.01225719182091, 45.037502808808355, 48.580003160440015, 48.262740767684974, 48.85730518341339]","[102.21796550266846, 339.4373733770636, 163.8092152936049, 303.0610028274114, 18.553267359642085]","[18.64605672063387, 37.91750750321129, 22.061804203073375, 29.87030472862187, 14.106569424948233]","[17.092309552510645, 61.435992358281844, 73.13355232781619, 109.59897161668499, 83.65582414676766]","[265.448525160764, 448.67878736373103, 573.787826356647, 777.8631443599514, 925.4786732976748]","[8.98330564860491, 54.89933426325755, 52.49495087671241, 15.487127680737563, 15.540113110858991]","[245.23723809425334, 412.95017080250307, 221.52290792299362, 171.9217254935576, 426.77168698313625]","[488.625113435608, 219.4906490612309, 248.12787458299067, 318.08212171381416, 593.4394337662789]","[87.8524966007802, 65.27389985788103, 68.19135704605755, 74.01938896094688, 100.12493635556518]",
16,"[27.914757795965368, 23.64474387032355, 15.345624357003132, 19.219121605763707, 18.837848959718148]","[14.62947402555413, 14.938063671167553, 16.56065498209483, 18.06669992529978, 19.35585616122838]","[61.97062138682586, 52.84474985480229, 74.10022295688373, 64.18405790158822, 64.24184121189785]","[16.96949368658168, 16.163146536894054, 16.419958283711107, 16.912314057812985, 17.4100098139541]","[174.10754470295808, 89.69271277038737, 26.969058763776584, 29.948207195618558, 142.13861921621773]","[24.063855862611458, 14.120573232525729, 9.93719030101101, 11.615530106113944, 16.54624751377566]","[85.5607160767861, 78.12408990199931, 78.23975258032885, 91.62850733470566, 108.5551265818849]","[253.4471034199394, 456.20064367580585, 552.0280182009236, 745.9700830602449, 892.0852421460079]","[57.19469200698065, 46.96570189471858, 11.40214237262842, 13.954120241720569, 12.464747965798429]","[319.29246669667657, 396.34809881350634, 145.5846824925942, 122.62642722645813, 330.6793555800377]","[309.1405651434068, 27.72741437521511, 134.46773828864923, 319.374311973479, 480.0432914976857]","[41.28484195635293, 66.92750683280798, 57.050791445940085, 48.642977733222175, 42.25285835872355]",
17,"[44.31362082732319, 38.871879288331215, 32.524594316601416, 14.149698718518305, 11.906928788072788]","[13.867967116716324, 14.469098570205727, 16.346067261956986, 17.698036613189746, 18.6097725512545]","[20.68493757894548, 22.755249157014703, 37.92781441202104, 30.303131361844304, 29.84917821290501]","[15.215123026257334, 15.175999608653193, 15.861100188055193, 16.4756193788708, 17.092165655821802]","[27.908857961222918, 97.08747202348296, 82.43211562384057, 74.43469713889937, 43.39655539713679]","[10.826793087860597, 14.59476147147874, 12.96346662023404, 13.991275160573247, 16.679525829666616]","[36.29355500719071, 35.46857551953581, 34.45363710222914, 42.186567425508365, 55.34937415134672]","[223.2345451106607, 476.20578721541636, 545.7581926770933, 757.7766752734173, 899.9709235659955]","[134.82867418147626, 137.88238766306193, 107.66745466974447, 140.74046684718226, 155.2084643675215]","[219.72946029436966, 328.7189616637037, 241.6785768592903, 176.4387958353151, 494.9094506180049]","[138.47379177550494, 433.93377624622025, 179.6149905670974, 124.11849789511025, 62.97491955026926]","[41.57803841256779, 33.98323117492684, 67.22639277765093, 41.814008893540134, 47.02505592635657]",
18,"[19.138570932089287, 26.609567907826285, 76.7404101473457, 53.118967264843356, 30.718218244522806]","[13.229355596737246, 15.312034471392746, 21.084381735324964, 19.385215694737838, 18.968638873710773]","[37.9373292047014, 19.306091650403904, 12.70658396585071, 19.613715023635685, 22.035800492318]","[15.184719977290564, 15.681781193134894, 16.81498221759743, 17.639508820831335, 18.34734173704519]","[264.73354159681253, 114.39504358321244, 12.48636908484601, 17.5217422806514, 199.7152432194897]","[28.90908044171121, 16.283057880021495, 9.300207767398206, 9.773007842252236, 29.377382253918956]","[77.11986443291188, 67.64941870612581, 56.25218720346843, 25.69881942135629, 28.373224019155995]","[255.28212222261573, 518.0272617279882, 565.793266311202, 789.4200277492425, 902.9371696153005]","[18.719606116351397, 19.963288940204304, 13.577360936005197, 13.19125432707628, 14.444302802168032]","[175.04830693623455, 337.14541329463583, 273.8821713036637, 148.3078260533117, 563.642449087535]","[65.87859222757541, 158.06920180590797, 37.57518076705625, 382.21455349305813, 88.68050604466859]","[67.85111459923213, 75.56991179370104, 66.3237270753416, 97.88387710502245, 72.35336569160829]",
19,"[13.997884850833325, 22.968286052522004, 41.3249007825959, 49.0442932708442, 37.195212066035246]","[14.144873124880325, 16.052140154025583, 20.18907549653461, 20.91908195412475, 20.1427770046153]","[36.30769017753108, 27.031215210840237, 18.538873102845905, 26.10770764434992, 28.812680346546426]","[16.103567986986683, 17.275288578112686, 17.9468088317762, 18.867006497813755, 19.536420759689303]","[24.711079421446577, 96.37560935077532, 113.23756691950292, 113.03469583613696, 47.438245982692585]","[10.253886255752121, 12.433564992659976, 12.640107814698556, 12.224175283985565, 12.896556159212707]","[89.22026464641426, 85.86712398692676, 66.63316939856885, 63.350073123502995, 40.51042561928972]","[220.50582246777867, 497.8095072886673, 539.4246607824359, 774.4780129930417, 892.1231550576701]","[39.298418082426096, 22.10008786136459, 26.4572496614041, 16.44588603843351, 27.87678007570279]","[113.61689412969692, 201.66048225617956, 127.01198629909256, 122.80089835521215, 265.5791419366315]","[332.82296430118, 248.13366477121716, 482.9184028336015, 141.62302401885793, 50.97140381202523]","[91.81208612741383, 85.14063681945223, 108.85364000855581, 77.11439120897967, 72.01339722822831]",
20,"[86.47908223326353, 72.24351835651024, 92.54119337843525, 116.15005014410454, 112.50538454889278]","[16.42067110381389, 17.22896101467403, 21.385207586000472, 23.195179897419475, 23.0001881059055]","[139.6503892081283, 119.68419249678546, 112.226732921734, 119.94869490332465, 122.75816069469133]","[23.689738295184963, 24.14161362177238, 24.40969362782829, 25.206863557611708, 25.73890722664765]","[23.99076652382837, 9.727051040517889, 36.41855364500506, 21.178071997033793, 44.35029127362063]","[10.08407720583965, 8.110424419684401, 9.04463526351634, 10.242218776612404, 16.518883419512665]","[34.596589179784466, 21.276284973144318, 24.708957421313155, 25.250707817540125, 27.928119080784448]","[221.73591394435465, 509.18960852601236, 543.1281360714771, 784.5243460985677, 899.2720088509241]","[17.730741604705035, 50.631923686286825, 81.5736853768615, 105.98656798803752, 142.66061358544374]","[166.19492367855514, 268.9547396290723, 84.28956956020467, 195.79414556327296, 216.29916339988645]","[133.01957284765635, 132.59306498394224, 140.7080214640969, 178.58260266076346, 496.44161284215437]","[51.74792221124659, 52.964565281720496, 56.904639438982485, 55.19088469718497, 39.542129357440345]",
21,"[12.635512113122093, 18.00729186638875, 15.445614850134612, 16.94756784586321, 45.16641003150311]","[12.76580806454701, 14.59636840561331, 16.602928830310614, 18.254570327566764, 21.61611118560737]","[30.008071196320174, 40.885149909273025, 49.08093146587242, 41.983463885587035, 39.89144281252058]","[16.266091921997287, 16.31308631019803, 17.27561198759082, 17.70580474400869, 18.268683116871138]","[60.14243139300852, 101.31235188938037, 181.16299103015567, 184.94268543456735, 33.83330160913096]","[8.537974894675061, 17.55906623531144, 25.19722121025776, 26.94269754526844, 16.323020682263106]","[37.03618353235912, 68.55508015618625, 108.59562217180216, 96.76155876147028, 71.97454011450428]","[249.8157685935589, 502.8905241343171, 550.4925177725826, 767.1273134197611, 860.4733529564239]","[32.21093888456529, 8.83293377297005, 29.94364976029286, 26.526406537445595, 28.575484150224202]","[271.1963855811356, 248.30346019917044, 145.8087956142306, 367.10834299723774, 420.6251784507991]","[46.710355708602506, 81.4430068641596, 58.893726714014505, 75.54642160508237, 41.14340123827433]","[57.397645492578405, 68.07178764083827, 71.97028441430876, 77.92412554260775, 66.82027544597848]",
22,"[70.77931397928603, 79.06974245669302, 64.12177488025506, 55.06678050648321, 31.811829487368154]","[18.468816138424195, 19.298458936940364, 18.9452320630933, 19.836086741529897, 19.54077636178236]","[91.69474394832392, 73.40213008215926, 67.41080939137422, 76.00773001690044, 79.48287577287691]","[18.85482772909497, 19.913115168253437, 20.01107718550765, 21.009983148827125, 21.653809474846476]","[61.67234255029426, 148.8104238719396, 163.8555343486368, 62.419239305904576, 108.06883042171125]","[8.816059452410625, 16.07222266424768, 17.288820560818767, 10.25022586722866, 14.474610525565623]","[56.47362595487999, 75.2202984536938, 58.510233085318276, 80.32092579201401, 63.86451115737386]","[265.0157437513546, 519.4681353679002, 554.5628719732936, 740.802245923867, 855.9673811959904]","[15.020508699550739, 18.5290141234222, 46.478973993657085, 54.245527142788966, 122.69325415496108]","[275.7934673914918, 164.97994059159362, 175.99449198865616, 382.99380446814376, 466.67199378858396]","[19.557417289070187, 19.36308023721218, 74.0510870067984, 41.691018403955795, 66.24540796094247]","[57.30493822951148, 57.875420142490555, 59.805554951081334, 63.86743393608923, 73.08248774434539]",
23,"[129.52956996480148, 104.67773712316242, 83.06817579410884, 100.30892486327132, 90.77682959808764]","[20.57482193315589, 20.666443910091846, 21.43083340912095, 22.856797548267124, 21.652545752386654]","[36.12272241562683, 48.42754776813408, 54.37282625721621, 47.07972513822198, 44.77978889307876]","[16.789112854557704, 16.777662874926406, 17.754094969840132, 18.113711497735384, 18.64432785083499]","[41.909920532177125, 42.74596852167952, 25.80729280967482, 11.431748759960074, 51.696154824116924]","[8.599037673699627, 8.986160267983244, 9.560211131040687, 11.832057215588893, 16.745760014536888]","[56.63536868004433, 36.75740085363933, 25.860314961261956, 29.81375235257419, 28.292668164020814]","[253.1032967366221, 509.5216963082158, 546.2363830772515, 734.132862418828, 846.3326302172927]","[20.143761238345242, 23.47162922724413, 33.005294131599044, 21.642622651864034, 42.51128385742485]","[282.12591809684096, 187.46701626425758, 183.44228190469184, 422.70782041247446, 521.956611034164]","[23.899768240474263, 104.26732908253832, 120.59948553778142, 20.689532953882996, 57.025973180608446]","[61.215359212982314, 72.59226021152588, 57.57479565721626, 67.11895519374355, 74.28550823987612]",
24,"[83.59988615618182, 100.85593050647404, 98.03724972949543, 107.0005686907668, 130.47050603080433]","[17.803327239294997, 21.35975054738522, 23.623224276545066, 24.328542052919445, 25.26925484839262]","[55.57614352359529, 34.88437731140222, 33.607816369442936, 41.12040523615961, 44.22452424137555]","[15.22770584972036, 16.35515299186511, 16.97817314847054, 17.89144044179221, 18.592406898369063]","[32.24889651586491, 13.314203566718238, 49.7767291263924, 31.7702761223088, 41.78807489429114]","[12.88018960531744, 9.884844066421493, 10.036747561465537, 11.32279347883101, 17.02461502282587]","[133.0724056023181, 212.48936989496278, 157.5075218655366, 338.2483607272965, 234.7616015091119]","[276.0827658678702, 538.5864315919301, 563.4652746994182, 763.336754347607, 861.1055645570113]","[21.944228769146697, 44.58873607288121, 38.47259212764085, 13.511907525876527, 38.64696219266351]","[363.3321276588066, 134.15445496929385, 211.92236368114953, 420.43915140988275, 536.4593592263172]","[357.14887853624515, 277.1873273638732, 183.7963762228706, 352.3689819650289, 242.20139346808446]","[95.33322549904129, 90.18185040772416, 84.72388664735455, 101.27398491061331, 91.9763323368442]",
25,"[12.86718981481675, 34.30961754807541, 33.39671510360892, 40.440486493256984, 31.97222403470969]","[12.449858951842542, 15.665282049072168, 18.34648715918695, 19.40700963027485, 19.880918312254522]","[66.73137032639164, 78.8900808143323, 81.47541510718563, 76.3053349824387, 75.25859950083422]","[20.014375556372837, 19.595097290722208, 20.315459834354005, 20.4834594191544, 20.934600789168393]","[38.98731974044332, 21.137399398512372, 59.37181567491787, 82.25266499242517, 97.76654089414993]","[13.535670472886178, 9.631400396880748, 10.705329856919748, 11.59412112776223, 14.744402469897434]","[16.92932920412184, 29.62080182263961, 22.75242304958179, 26.691890587430017, 29.180321511178736]","[255.4070975414485, 507.2218236878748, 541.305341131552, 723.5014006097321, 833.3094231801826]","[13.867098785557788, 15.766712321386928, 12.746764992144682, 19.089820588871913, 33.97013693101956]","[375.70786911911404, 150.473864846698, 199.54925650079898, 386.0434727215065, 486.07973648446364]","[19.06248525734181, 39.26090085483837, 23.77749029572524, 47.04844556501073, 100.58412981306218]","[60.64503063023731, 61.14607412260084, 64.25751155161691, 64.05175743115706, 61.34200930884989]",
26,"[14.742276760398749, 8.966986161080259, 54.811192997781, 31.4218077331603, 14.616343223200465]","[14.144031478756663, 14.772387219276903, 17.836046833197255, 18.161813000229, 19.489697787478313]","[11.605464270295437, 10.38866787501001, 11.69512112731281, 11.045985541366061, 12.009742792560898]","[15.206057429601438, 16.40553465146964, 17.106708552686516, 17.876528054558452, 18.50796394587451]","[35.30332451477711, 32.820756327681046, 28.163592300133917, 15.52379436569256, 26.192203297070105]","[13.211481535230227, 12.784212314964094, 12.764278634557568, 13.41520619968701, 13.814482335409378]","[43.57779868131731, 30.196225905403264, 49.329053522016025, 45.30851732397885, 46.700649328652226]","[237.1403168486288, 505.71462075095343, 538.9096979381159, 724.8443415192341, 835.4891612526172]","[40.99065609836157, 84.12639839425334, 73.60977376022203, 49.62199072695128, 18.628872823356605]","[377.21378107796653, 181.76427968884664, 225.95774581521803, 403.25090426599877, 521.1975768638827]","[77.65142989957495, 60.53200392459854, 137.9587029997398, 134.10177197910963, 138.8818041120768]","[69.92362121173589, 70.12843641898193, 78.95403373151603, 79.73299858197306, 80.24494641480774]",
27,"[85.46152035870989, 89.65244098807663, 88.27654344615317, 97.12167476672059, 93.69723465318667]","[16.570633596640455, 19.177226290405265, 21.834308379332263, 22.856367235313822, 22.164610491557514]","[125.68264266869373, 108.80885094539198, 111.09274633582883, 114.29276565513614, 114.10687149407077]","[23.694234099681786, 24.669638800627, 24.908317633164557, 25.321292053244704, 25.560304668811746]","[17.191400956170412, 30.809776492511375, 16.137023005362824, 46.12736353585814, 25.230440978813835]","[10.463813112971613, 11.01749257141792, 10.593288927653585, 11.52881655239478, 13.526330375588763]","[31.566441843520398, 30.02196682898414, 24.88805694064048, 27.636614205278853, 49.57094690822308]","[242.3999738315234, 517.4082670343531, 542.3527314493823, 728.8562514673189, 843.0377091516739]","[18.73120411650682, 24.84985147593678, 28.373775868511945, 26.38745560433794, 21.663097233017737]","[469.4826467271693, 143.79752304518388, 231.9334348838907, 388.651336761765, 498.4859041260554]","[165.77744859833535, 150.21592414371884, 98.95813719473794, 123.75688953347057, 128.55303699953663]","[49.979701206681284, 53.38267792869844, 60.24409307110903, 59.69433203760951, 60.64721457668543]",
28,"[138.81974735994174, 106.09182126416081, 115.34904265230483, 125.58612436955163, 79.14452757961104]","[20.541017754017687, 20.087553146453665, 23.76545273899284, 24.740178299142627, 21.086963007979172]","[52.27303088246417, 37.55407056289643, 41.41760256070558, 44.27974677306861, 43.95756096109319]","[15.82325737239054, 17.19032703042129, 17.80985777350582, 18.49952506103541, 19.042724479738506]","[250.57048451887965, 286.6814915971433, 275.9943426260887, 322.4581720386779, 303.9900142615438]","[24.605679684127086, 28.930203240580425, 27.953457087604473, 30.20535202096272, 32.17557486112877]","[289.18495229389083, 127.29949416400859, 60.88318596216886, 27.042440720096355, 108.79806879147796]","[261.89450419967676, 516.7132514064695, 543.2518657576451, 720.7585153139689, 823.683899602572]","[29.83195880147595, 59.93122552356096, 69.13904039999701, 36.34471720723553, 26.32907117820253]","[417.26140193516767, 135.9639939884618, 209.74033060158894, 346.63872056025417, 454.9903425772098]","[56.008702734636316, 50.1704315994842, 44.33550437459014, 43.80100898191019, 43.12946859242183]","[58.55160808908392, 61.3539598285478, 64.56765865836954, 66.02664010443544, 67.48255349504248]",
29,"[59.719393043012005, 50.14912614442607, 41.44812311722225, 59.5552053379858, 59.00789116380455]","[17.21149624476013, 16.95373572894019, 17.423986199168937, 20.017316457387018, 22.120683286697243]","[75.15305089957532, 60.28845529641501, 64.91223863794747, 67.17016620481756, 66.22105708489772]","[18.507567083785855, 19.716927921278025, 20.197506026538427, 20.727276101953766, 21.055944535601956]","[24.995425806802338, 43.190141872933715, 22.75848816220812, 23.190627840840413, 33.62907535881689]","[12.655647965459133, 14.270014590577443, 12.954346968129851, 14.978426384340004, 16.652132526809226]","[373.0023509928636, 251.111594384558, 364.74948435876826, 416.16053735550304, 270.47177515004046]","[273.79660751900417, 535.85160474286, 572.7781009812375, 762.1809421152736, 858.8913769013043]","[53.227035815794885, 35.49734916760789, 28.565830091368216, 26.004434804765296, 21.742822054393347]","[355.0500654101854, 180.5363580716559, 195.42913604501246, 345.9957472074394, 440.5744592027717]","[28.810140240154205, 18.928654949456167, 19.497493145133415, 31.870999170581293, 26.789445355245693]","[63.273618823947665, 63.3890005903625, 66.31312152707429, 66.5657625655616, 67.85444812275348]",
,,,,,,,,,,,,,
