,LSTM Train MAPE,LSTM Test MAPE,ED-LSTM Train MAPE,ED-LSTM Test MAPE,BD-LSTM Train MAPE,BD-LSTM Test MAPE,CNN Train MAPE,CNN Test MAPE,Covn-LSTM Train MAPE,Covn-LSTM Test MAPE,Transformer Train MAPE,Transformer Test MAPE,,
0,"[77.62995984035277, 46.19366880964837, 43.23374978000471, 44.02471455198862, 62.0490978857753]","[7.628029438391078, 6.771621812202399, 7.180275521697707, 7.8744085383234435, 9.261580361649854]","[22.663209625112, 22.44793465573448, 15.387482704041973, 14.738280679684044, 15.908556475971643]","[4.827510923975171, 6.041850531227072, 7.078207537108466, 8.143336898272448, 9.076415550493664]","[45.24954816379312, 35.12010055918318, 28.522897781120975, 45.7944148534913, 56.120695460629754]","[4.930433200336382, 6.514289606663135, 6.795144179527103, 7.881306865208806, 9.291662348545675]","[18.08530978765425, 17.3298107720854, 19.562115023563912, 20.70379071457377, 22.80257787907628]","[7.139267851655062, 8.033091993785268, 9.10216598853058, 10.13062374910535, 11.747786519276923]","[19.300757495754112, 21.840530286899387, 17.510174105720424, 21.905456589879822, 17.474125308267347]","[4.166193016576143, 5.931061343490052, 7.472001272864361, 8.753848859105691, 9.845033248141613]","[24.101659205733547, 61.98037037725071, 78.78877690847325, 47.34842388531905, 23.588356777446347]","[7.844249319054773, 7.102002204491607, 8.581939177281859, 9.628191301491466, 11.679229301210256]",,
1,"[64.13815966708724, 66.96276973973121, 87.08313658548673, 111.94187438900722, 92.15477047761875]","[8.381764455104598, 9.395399437644176, 10.377028802065201, 12.323717588863706, 12.001210757283259]","[9.505329161254524, 24.30105539177513, 18.982766413877787, 15.7489071778129, 16.915812273223302]","[3.8438159732166133, 5.424386243428662, 6.774096383725167, 7.735049839960023, 8.780742352900788]","[28.68551675778291, 5.860927170264498, 11.547138492892998, 13.835207812728889, 16.96113616235488]","[5.367489606843821, 6.044064803959195, 7.930094535983981, 8.771214425917458, 10.607191035065934]","[12.60111139195605, 14.976229661321327, 20.677066132364363, 14.87715987385821, 25.17702733030301]","[6.159522380478823, 7.462002824419069, 8.858193482503843, 9.999445264692506, 11.133090195033853]","[16.682008397354455, 17.396841328235265, 16.79688736087782, 16.799994027498656, 20.85977299224705]","[4.569131885971241, 6.426527502215452, 7.926909458276163, 9.261975265715252, 10.629993937863718]","[54.89670311282037, 71.6643252479793, 21.125220311963137, 22.756641977353574, 63.895090069225226]","[7.371974664799246, 8.401162211727344, 10.479579673618518, 12.531838832386862, 15.602037394609772]",,
2,"[39.76107136189594, 12.588665692861378, 47.21009020767145, 35.15108861511161, 24.217866603638267]","[4.583459006759448, 7.117150811224807, 10.335210283645077, 11.054742374562025, 11.570406798111438]","[104.06417256059177, 101.3797321393403, 101.47711341378948, 100.38039568806043, 100.87527096428985]","[8.842745149254894, 9.901079151904941, 10.088560471747744, 10.942899779438314, 11.768989454537117]","[10.246859668204253, 5.435379484358957, 13.930923284937624, 14.970902964796364, 44.276678468447614]","[3.831320135371009, 5.391187287789312, 7.183228410162059, 8.198679526386078, 11.13819240247807]","[22.470851785401813, 20.920773280036176, 23.79974788068627, 22.81446801983069, 25.0142777212428]","[7.977328647623248, 8.55979136027661, 9.653659611008747, 10.227100033216267, 10.9944288697213]","[20.451012810335616, 15.58010396105926, 14.462118065752625, 13.27723130372701, 14.874279084596528]","[4.221919879667786, 6.673434700084761, 8.121090704958574, 9.188679208618513, 10.571486882370703]","[64.57886939075625, 67.68783975133871, 16.67026942061512, 28.290395508206593, 60.823674370686035]","[12.719632439497868, 15.40231127730897, 12.720774401756627, 14.51019557416983, 11.992363563493983]",,
3,"[12.834234100636488, 18.345371524430266, 40.921901456297185, 55.813927574149645, 65.76406318821148]","[4.168223055870375, 6.226314647874547, 8.060694099984651, 9.55592286586083, 11.297442514683079]","[35.11584736307685, 34.1627875740922, 33.348894769584284, 36.37775965785407, 36.33280216655027]","[4.384041881479748, 6.192903249940533, 7.340918394633615, 8.36255810356216, 9.304989038077254]","[11.087839511838972, 24.29981625476008, 14.667779585718268, 12.49505552906829, 23.38641535368497]","[4.253329241114853, 6.141893578414087, 7.0119021815176525, 7.963958731995274, 9.26563281401354]","[28.885173141799292, 26.694511149532936, 20.475138937173693, 20.526832040580363, 22.669005468343506]","[5.942568391567674, 7.13841676107598, 8.43241473910813, 9.468518551099638, 10.490223337166123]","[14.589696391156581, 16.59349507691876, 17.6386548203705, 16.844549310385045, 15.238454224346413]","[4.7099143372798045, 6.4666813789639646, 8.010074450113084, 9.570620735072602, 11.181675606266712]","[72.38918625659946, 18.365337781672277, 25.866310199018315, 19.35573184850244, 33.78398610220927]","[7.186671713584477, 11.890819474747396, 11.920647570833145, 13.31574830632035, 15.062411281329949]",,
4,"[72.68418513188332, 63.24999394945636, 40.69234292905491, 34.864118692397625, 34.315142083882215]","[7.210553724039599, 7.7234962395041515, 8.279261902973474, 9.304694684566511, 10.544097778077013]","[7.30531390035285, 8.612406890358702, 10.965431685242494, 9.479256801237588, 10.313226558105075]","[6.693729434878211, 8.223023035566184, 8.69372172263145, 9.596970232904194, 10.494341948339752]","[66.63144235462529, 68.57014087000174, 53.477923851041595, 52.63934529878712, 84.90938901977671]","[6.247533607663033, 6.812206528645666, 7.20050697813962, 8.15180207674362, 9.725045879467126]","[20.692801233242687, 23.42332486266836, 25.136330138093804, 32.331085166686336, 29.501822657553028]","[7.630491482917972, 8.814009619372232, 9.862351700589752, 11.309864153458845, 11.663626313074907]","[13.418453204756734, 12.275806958184035, 14.388159669155526, 11.406771818162008, 16.62635503456215]","[4.1598423994026055, 6.179591325901428, 7.995093205311993, 9.059854632663981, 10.495967059750928]","[15.469193481451757, 18.790085976714934, 27.262278562464882, 20.863376706948326, 56.24452598191807]","[8.31207251246015, 8.16303198306791, 9.20872649412007, 10.230813198716406, 13.835803262336247]",,
5,"[5.218658772396391, 5.485317663479915, 13.695346034274491, 22.70153064235001, 20.746524484797835]","[4.125688765092399, 6.130723904464261, 7.505328519479883, 8.799315647173794, 9.994552585941886]","[29.51614986005511, 32.20266873081478, 31.224174166574564, 33.27104309619181, 33.936939885091135]","[4.703328211714393, 6.585281664422658, 7.8635665074806615, 8.978760010003858, 9.87477450183237]","[7.506321056611344, 5.577700519807678, 21.973096685388725, 15.458137219254938, 11.176995110407553]","[3.9095882820895143, 5.465494647289377, 6.918999164157653, 8.030272651036281, 9.467679072819767]","[18.92304519256596, 18.956660407564684, 19.531851624072427, 20.114143019867196, 22.462060516680214]","[6.856234034756516, 7.552502559414133, 8.793798257723646, 9.83619144912115, 11.050184498595165]","[23.05964133329898, 30.96329370462452, 50.03925498760938, 52.336154431783285, 34.43301923767055]","[5.523918846972693, 7.0778195425576795, 9.204697897800585, 10.97554670694343, 11.327297462609712]","[19.15670251393462, 31.52818520561264, 18.03069998844954, 27.556856096685806, 40.819359828241616]","[7.191514763775866, 8.418444826034317, 9.834485633020295, 11.215113881266465, 12.913612450820747]",,
6,"[49.24513665391034, 42.91110489871632, 46.05392780642159, 26.934314364688966, 29.32734435236693]","[5.399223459207787, 6.193204429549319, 7.667785825793211, 8.834335619939372, 10.124030430481294]","[39.6856732488393, 34.3852544076679, 36.54102415257237, 34.320971873572695, 33.541992493781706]","[7.509465277462192, 9.37851162229122, 10.038346653516315, 10.923330558090738, 11.618563177150046]","[55.10511566031393, 50.49953121726586, 88.25886314647302, 52.986557717428575, 47.15590066447371]","[6.038975439301294, 6.635446391417219, 8.918978191380708, 8.3313629737796, 9.390515056722258]","[7.5330001969448075, 9.195149506053555, 16.079036836625715, 12.54574597275149, 13.279429881171978]","[6.741655873383008, 7.9974630957518915, 9.813977908911426, 10.422511681847853, 11.104987695906846]","[10.329322684084778, 14.62943389975492, 8.559229846230984, 21.878066156511533, 24.38386487533743]","[4.327101204138406, 6.110414601066876, 7.784207201425505, 9.199121910649454, 10.608516980459552]","[22.041167822172522, 30.891621406234844, 24.07686202377249, 24.67608717629704, 28.78964420427757]","[7.827928084831005, 8.558884450981854, 9.68543678785789, 11.023875577354382, 12.006199503541957]",,
7,"[38.551759572925704, 35.76495955195176, 35.62680555011228, 13.342654367602544, 28.09109935496664]","[5.5756448824251015, 6.774340761294029, 7.9903480778546445, 8.95351816895845, 10.443525720764764]","[22.14222051131175, 25.571560081809324, 27.50903546627532, 30.82164800578217, 32.9101462972029]","[5.421576630550829, 8.050953682710714, 8.925656835706256, 9.767234006629884, 10.452234144274106]","[21.475620962469012, 6.053222237066266, 10.626017063103376, 32.077308424126194, 26.949344194650553]","[4.203342397712795, 5.80197354442211, 7.34154613303411, 8.2367442401269, 9.369374841293784]","[9.546559581558268, 10.659481160153938, 16.95064106037649, 20.323515472460343, 16.469563501935184]","[7.2104393163929155, 9.511216336900558, 10.982178647567688, 12.973979877505268, 14.840872471509348]","[8.64467503092006, 7.542503074667513, 11.744049970732323, 13.690835607175373, 15.765376080819824]","[4.338158762339471, 6.1077685411038445, 8.42886783989758, 9.388758992389157, 10.728568166917448]","[22.96787348567323, 30.522880324969172, 36.89005263755145, 31.508659181877807, 42.738873549758935]","[7.7350191629973235, 9.015745160654069, 10.624627962592179, 12.369667944872557, 13.133320937603962]",,
8,"[20.655811779029527, 18.055187230436804, 10.695314255350352, 9.685538187900605, 10.975568877655553]","[4.239042588357179, 5.898208374107066, 7.761024589978661, 9.362813117100197, 10.67268152434962]","[23.923565847531, 21.302917938532957, 22.90121954662709, 21.600263491152848, 20.976227269334053]","[4.83759219637983, 7.2576768249974135, 8.625374549167944, 9.682908221356756, 10.56582418947214]","[36.91499719072186, 36.016255015965896, 43.388399856101266, 44.06279953026298, 55.36232789353714]","[4.291293605895347, 5.831740146967028, 7.483433652807693, 9.050459764628368, 10.955908717338392]","[32.71181618263505, 23.425164325082033, 21.091288087968497, 17.71807625664853, 26.618294156215015]","[6.4981080809528065, 7.819740989301422, 9.172723857028185, 10.736281456002356, 11.973412388051125]","[13.323918699122911, 13.657526208106773, 18.26064694061357, 10.902793465328333, 13.668985071288153]","[5.572907663208014, 6.693071564911611, 8.560637743573295, 9.406656774171237, 10.630640034588883]","[108.98432903524764, 62.73173013140322, 93.02095138186881, 58.73962654718006, 34.703008097009366]","[10.268388498948076, 8.669927739288841, 11.64481979470401, 9.923079706358232, 10.036354206198322]",,
9,"[10.475436475526871, 10.598950689319203, 27.546046382421295, 15.68423796437445, 15.964309198972423]","[4.264426609765766, 6.016374738545278, 7.653233296759833, 8.890618468682279, 9.952949090660946]","[4.590648414355362, 5.691730893028691, 7.070479577493403, 7.819518748775509, 8.630089057800841]","[3.966590710179209, 5.804645394228159, 7.596834152283281, 9.043530656674081, 10.17866364845378]","[14.360044455437194, 31.31441101298472, 25.66468557629013, 25.42413420622794, 23.04011419124713]","[3.9966426053695456, 5.918992057871601, 7.299998754151503, 8.707986904325635, 10.038116318420476]","[18.493845698651228, 7.847915281706595, 11.276610186578983, 14.891416856330236, 15.772636657312642]","[6.320504922045424, 7.633343306334403, 9.07264561489475, 10.642668151844486, 12.101216432140596]","[21.29402598499449, 14.998821717130081, 21.01112178415357, 11.048084169817432, 21.65587692374468]","[4.694330645880605, 6.105307627118718, 7.764625653941952, 9.250602845795978, 10.817853202838696]","[35.53322541792227, 15.213072073727481, 24.376780371453933, 25.964705401980474, 42.58844762004115]","[8.451818972978048, 8.209126696482418, 10.001888054498908, 12.79973010136016, 11.555280480710838]",,
10,"[17.940971407282536, 15.56677613767954, 14.894929698445731, 13.984999182454002, 12.5794500470265]","[4.227893357908201, 6.1170769355506645, 7.941292110430527, 9.287419392175094, 10.439581572336152]","[7.706320560371655, 11.696743929577085, 10.959841970855315, 12.066914937319625, 13.065424935735404]","[4.984463058466284, 6.647250727036502, 8.563919606657722, 10.025804606446984, 11.158452218780168]","[21.921713792181627, 17.079563397555425, 17.814503616864823, 38.007585949996695, 28.80163535393581]","[4.178788285774102, 6.005237281437893, 7.570718987003061, 8.711226147060266, 9.853713981098949]","[10.77244187619403, 9.155856160783852, 9.92665709638512, 10.546840845598332, 19.577550358519886]","[6.236212361106819, 7.394559598401483, 8.725990499249283, 10.202885320878606, 11.73308362894993]","[5.188906275043339, 10.636254460518508, 11.919232449314341, 21.6761888918895, 25.922807339375748]","[4.547751259102923, 6.574697951477187, 7.670847997607866, 9.120391445584438, 10.284091193327708]","[96.04625582471567, 30.61245352542883, 49.30245549366921, 127.42661444554967, 65.59939560696137]","[5.963658671086927, 11.093447081838963, 9.93577910906637, 9.856227919588699, 11.81099037869781]",,
11,"[11.419984855724714, 9.938664540976248, 16.21937772096971, 30.85719039325251, 39.79137601118692]","[4.030929266342935, 5.746973972393777, 7.44501731339124, 9.060667858974362, 10.360959808169124]","[6.408857241172733, 8.276376406430195, 8.44868121724751, 9.56043901607696, 10.565777725333074]","[4.216029852961861, 6.157631711814869, 8.339458223053898, 9.992737249895574, 11.227435891011053]","[26.108611031728906, 34.651213317685574, 26.035601106427304, 25.545066002996304, 32.40405161266393]","[5.212379039999485, 6.9354480914713825, 8.05249265313163, 9.3631754268406, 10.34081489685439]","[17.953060197850164, 21.56150454747059, 10.334261641735207, 19.285751872992282, 15.81889725315701]","[6.698587623332325, 7.79332779279721, 8.593954076881415, 10.490116988058002, 11.805886014622798]","[16.78613408853251, 35.26102532253718, 38.747737010823904, 31.07454740522269, 19.299259210161622]","[5.145717862252704, 7.173382211590047, 8.863575157626581, 10.039855574857095, 10.479946687876447]","[24.176152800498897, 46.334094546235804, 24.545206199103212, 18.99642993188424, 38.2138128347405]","[6.190598490571798, 7.721113511627699, 8.75463716448456, 10.516718280205188, 10.989748019358679]",,
12,"[21.62823727921454, 25.218629708991934, 19.470350617772954, 16.924239516275765, 23.0360254516917]","[4.799802142992817, 6.731757396578346, 8.499386883654696, 9.868741295435589, 11.328188113932454]","[16.06023744894481, 16.37271555715846, 17.306020955768332, 17.64035410753521, 18.038892806613113]","[4.798349653221985, 6.4208244093932265, 8.442749029044732, 9.978158082421983, 11.18064401550062]","[41.45083943607232, 41.70052635450909, 22.259766463051744, 38.417332530400564, 50.513810875460464]","[5.671910013010198, 7.426083136386835, 8.198474031049525, 9.82328091456155, 11.270120147162862]","[16.350772342452267, 18.18709517501293, 18.382767137958663, 13.704605908278575, 13.210186799087339]","[6.455539631682225, 7.381634777852968, 8.768479732558983, 10.171860932287055, 11.424531239037409]","[14.067656848009019, 14.395691174190532, 14.250568251532245, 26.305927234506925, 29.250246212448666]","[4.900455580762215, 6.309182363029916, 7.818099034503419, 9.713001969724932, 10.953364309770253]","[28.48195158392892, 22.786893461039064, 21.134251911511207, 22.571082846365915, 26.179765320254685]","[8.175315456965922, 9.336864800279463, 10.722700798994241, 11.751072898400743, 13.14900332835264]",,
13,"[15.418236710344054, 19.430570091812264, 12.506670795666594, 18.286774079101985, 27.30979119512995]","[4.177858216141072, 5.965452080962092, 7.554793303629919, 9.027185279321738, 10.643325682133405]","[18.629805385209032, 18.368567070774294, 18.51555392235499, 18.87209535526083, 19.329328688177387]","[4.688780882719136, 6.582360023660589, 8.822104556273514, 10.419214325769682, 11.614534234570652]","[20.94922682277409, 15.139769022548947, 20.318107297263875, 15.808737278938741, 9.29630646224789]","[5.2208445552789104, 6.738786192723838, 8.298102760841376, 9.502434838805282, 10.465464854768655]","[13.162190807673008, 11.797262158127293, 13.305965887324897, 11.090201387842272, 19.671553733436372]","[6.319778645541291, 7.471369149836335, 8.84987897884494, 10.111694836997707, 11.66104203575607]","[37.02401073344066, 33.79586313785038, 18.096443332029818, 9.221664785923966, 23.216467296955454]","[4.404812626705197, 6.313198145175332, 7.848827633390293, 9.804061031699375, 10.641389069775958]","[21.5693376962069, 25.2543614496809, 20.070770304525322, 21.892101474990984, 20.580838382114212]","[7.694899228061088, 9.613639759507969, 11.23655466091204, 13.647148376329344, 14.391196080710236]",,
14,"[7.286719015776133, 6.195566740211203, 10.976858885116002, 12.389554108860366, 16.565873933779386]","[4.330242343917677, 6.451732889379989, 7.999588996763234, 9.7952945398002, 11.845864907285288]","[9.956735717763198, 11.27719823327834, 12.726852953504327, 13.604701293073676, 14.393177127689999]","[4.390820075280736, 6.104542419591767, 7.919259742743394, 9.336897427333538, 10.410311834652017]","[4.879548136326206, 12.508453048113989, 12.70999403675538, 18.355719518429616, 14.423093491183256]","[4.515081277019327, 6.400980153533169, 8.056148452467099, 9.384289904323674, 10.323626314902828]","[23.108444767290656, 22.941648808176634, 21.447544893925297, 14.73985853918213, 11.63968474500557]","[7.690213203712787, 8.350795231311386, 10.037081248409608, 11.61293960576843, 13.028458952314912]","[14.028541782882806, 19.410237787434077, 9.74360159566752, 9.423044591741498, 12.15466258160245]","[4.479023210561717, 6.258919760660935, 7.774686764867286, 9.392752284968973, 10.52393041933422]","[16.28946727706267, 17.690953207670987, 16.333735122068134, 16.76595884758886, 16.905784913562993]","[6.871474983676131, 8.18191502198342, 9.71460291628805, 10.929673777751818, 11.649469833739893]",,
15,"[26.84069199131563, 22.284005343740894, 18.42775195054157, 15.513363498160244, 9.726764559862017]","[4.1473398385747835, 6.184892695958225, 7.682053027033793, 9.078629175008265, 10.693417947386996]","[9.500789270887154, 11.742990445680446, 13.983931794468962, 14.916401146968369, 15.693792244217452]","[4.912270022239092, 6.716811348043307, 8.680171990768027, 10.361233277925667, 11.53327197701529]","[37.184438531150995, 29.235916105003856, 17.412490902087175, 9.019579913116257, 18.898601957739697]","[5.378307455833529, 7.186147103280015, 8.303334108245469, 9.376912556980747, 10.68420942386474]","[11.617822985736009, 12.008133176222453, 11.74295166689214, 13.146980750728238, 12.465327157616372]","[6.092889263821914, 7.201750362588723, 8.34239656493223, 9.738980142470737, 10.84234226599849]","[8.869997957307195, 14.869559029062332, 8.088986833991774, 8.913444082373587, 17.62027685801095]","[4.766478346552267, 6.7582220373775375, 8.004698739209319, 10.044011259899733, 11.245854684227535]","[17.716700495828988, 17.32283840401786, 17.61884603368761, 26.171318879786593, 20.602367338701747]","[6.265192705402563, 8.030740108697048, 9.738146940942464, 11.359874095180144, 12.315433098542446]",,
16,"[4.08841125661179, 7.712548831579706, 10.100746348707034, 13.236441706621838, 15.567577634181424]","[4.2950715007239575, 6.312613424495635, 7.905164952066142, 9.222869155797763, 10.910396311287133]","[6.851155210128088, 7.080236860376468, 12.009841049331445, 13.208314551320562, 15.063872079193988]","[4.20678384976455, 5.435825883690677, 6.719781272005906, 7.690742968179484, 8.71894562298461]","[5.415815988983868, 6.751317508031557, 8.603998057202947, 8.820779069514126, 12.140193371349955]","[4.165203054348186, 6.49351327615372, 7.924413016057998, 9.010216273034564, 10.344378576664417]","[24.21488029926392, 22.170384450078437, 11.697789445537692, 14.176649899765021, 25.1216582532792]","[8.329305532441504, 8.555797516230488, 9.12866367638963, 10.458088399784272, 11.918421801480205]","[11.799551093393223, 13.91053796242816, 7.312049049324565, 9.519231163093316, 18.31514742654411]","[5.093133191246632, 6.285170419486303, 7.956072640908932, 9.793036873875455, 11.238739595707417]","[14.84395011880843, 15.61106304239002, 19.897256199555446, 18.079618319777374, 17.21530363592665]","[6.181622007014774, 7.521660765162176, 9.43829201556123, 11.085734265293775, 12.106249703340644]",,
17,"[5.964182139347701, 6.602666097659807, 7.561426667390308, 11.095843363053781, 13.804047937297295]","[4.19305815667486, 6.438661814313744, 8.117827186581579, 9.529768817235865, 11.020667861546936]","[63.92348880805644, 53.432451116607595, 59.43166089398929, 54.23256580678538, 55.269602995029985]","[7.28139312398573, 7.0663379625483165, 8.528795699547263, 9.272439262274565, 10.239528843768218]","[4.387562984422066, 6.950572566616661, 10.656139346163139, 7.551889298683545, 24.545637974107244]","[4.142662199066045, 6.404930726414948, 7.809004331106335, 8.82173114597881, 10.195546522713153]","[12.36880914853839, 8.486978201829398, 9.6733048972831, 15.35363882780684, 18.009125273973773]","[7.281436577496554, 7.521138917998144, 8.743144984506852, 10.271261551679228, 11.340312046919829]","[25.422779403306357, 14.332385327117883, 16.607401634606273, 9.7197409680775, 12.55340130638504]","[5.287600796976061, 6.595215995583626, 8.227618124403786, 10.03965691426436, 12.046359382916018]","[16.62593921140122, 19.421835494731315, 31.680441907257155, 33.32005987325386, 34.97430012406452]","[7.025745696198188, 7.8702031556833445, 9.181740549884163, 10.748263865820318, 12.039934051194114]",,
18,"[4.548502639640654, 11.303556233464276, 15.520143039297164, 7.992430573925481, 10.60169521371161]","[4.181972061135107, 6.3678249697973435, 8.120675341510841, 9.330290993225045, 10.548575475924766]","[51.66468454938824, 52.00805835260193, 56.52318666832492, 52.270429283489186, 51.382863880268914]","[7.1295130078595035, 8.658746513900342, 9.201794910728582, 9.899025764820914, 10.676605074583318]","[26.122182083317604, 34.76673301694707, 41.04727854772289, 30.734163899277295, 37.57216280355167]","[4.312244675357601, 6.505850264705483, 8.20102660751236, 8.83369111019371, 10.005536426669716]","[11.300229331124727, 16.997393392660985, 13.843039317459363, 9.223183893053232, 10.585698388144845]","[6.378153115404617, 7.754134314910955, 9.027689143778632, 10.379227115002992, 11.548485880447993]","[5.025141964754836, 12.578934484130336, 21.36480549491582, 15.280792400645726, 9.101658622929323]","[4.727738100044316, 7.220501442367549, 9.29293731449609, 10.94452598908124, 12.101647929558897]","[19.811601052516934, 16.887851693505095, 16.71049841325825, 17.7919237437105, 17.264435169394268]","[5.85560270010388, 7.396129667369299, 9.081665871900098, 10.910984843809189, 12.13480255411019]",,
19,"[6.453743249769177, 10.535714656525535, 8.625367451386994, 11.8410269937908, 17.394884833038418]","[4.397533299248139, 6.562746750500463, 7.997858379066772, 9.323415490265603, 10.672725189578157]","[36.12697157161732, 38.59192048410302, 35.086173154163035, 38.03424454402787, 40.7304370064249]","[5.029831551139756, 6.669239664863451, 8.149595056842774, 9.483674349603868, 10.8954516233338]","[18.14865921577537, 34.236778111661756, 34.656720486669016, 20.413737371441098, 25.104698870818048]","[4.308197653625323, 6.772827140028465, 8.46975550801438, 9.14875267437017, 10.175673895835649]","[7.782078581757762, 9.591174490823137, 9.847304370276397, 9.18254620791049, 15.050633073937062]","[6.954355122108826, 8.063120602533111, 9.157219074632566, 10.51915679166128, 11.591233052000472]","[11.30499514429054, 6.7265448054445995, 8.26779472933661, 10.575064137926237, 9.419697462644995]","[5.609564052292463, 7.404721781531043, 8.958759249665132, 10.562027120264593, 12.145615004789253]","[19.735386128948843, 19.391736814604947, 20.487628451067664, 20.72331354223952, 22.073535287177794]","[6.214305784252045, 8.063683672668407, 8.939317882720296, 9.912091597044267, 11.190414472397421]",,
20,"[6.373255145298586, 5.792114466977427, 10.154581939904766, 9.918927499773782, 8.90042662381497]","[4.301635400480178, 6.3035723967807655, 7.962963797318593, 9.48613468685293, 10.775013917305106]","[38.06723881965011, 39.49398661654012, 41.10739909697648, 39.77583626938219, 40.25301137047251]","[4.987122078395099, 6.590441687490074, 8.221916025782019, 9.560815052520608, 10.803422614228008]","[13.455825755301841, 12.281763519404084, 24.485383501245728, 16.171164603473347, 8.706569853609539]","[4.204430720708307, 6.397106860828601, 7.963754949948003, 9.058239504962879, 10.166619502794008]","[8.6814679423293, 14.78789054388768, 9.300147456196816, 14.057738907658917, 10.752749563285825]","[6.352004854080269, 7.768267390314916, 9.22211639918904, 10.920985355186168, 11.900637775322297]","[9.474313758711702, 6.223055323148858, 13.691159326387977, 10.963646305700598, 12.246562996386585]","[5.849070777492036, 7.796049904761496, 9.936664662174497, 12.239384365174534, 13.663865319230654]","[37.38029962559474, 46.89255397350361, 49.95430366531492, 22.562203648564637, 21.623920689673852]","[5.923258863082224, 7.390804769726439, 8.695944298102345, 8.682825640383832, 10.007194147659387]",,
21,"[11.58765434418573, 5.4068526494260425, 8.71000337256227, 18.454565409288854, 15.399782421941637]","[4.453188672470758, 6.427302605591188, 8.062943401416698, 9.443828552954091, 10.7624233530924]","[12.228469609929913, 7.419528837941823, 7.449825578525669, 8.308814357736228, 9.181397779272846]","[4.60439365975985, 6.133440122396005, 7.691339306027365, 9.079019264079427, 10.401071414224328]","[6.027509308553443, 14.366921214038314, 37.423932069389295, 18.959789860444907, 10.304581220010023]","[4.222070267561729, 6.279596555785563, 7.935031414348032, 8.736121175773109, 9.940588300173873]","[5.987434998828505, 8.211085416035061, 9.571809065919908, 10.557759304148245, 10.201585442973563]","[6.708722892899878, 7.860411566021913, 9.769263288275146, 10.769412315010179, 11.726638272303145]","[12.429837223281629, 13.358322307623311, 19.14421931415143, 22.975153555845534, 20.91331308900475]","[4.514879418355888, 7.11890879003971, 9.096936006970534, 11.31889252537121, 11.986471580714273]","[88.80902734762782, 71.44750974305886, 73.16953084058217, 23.76381604242238, 56.298870426250616]","[6.037899337592356, 6.872717856027469, 9.44420534211977, 12.511976400702471, 10.016969532049774]",,
22,"[10.732753099386287, 10.036290967626666, 10.859704347164715, 15.775159512003196, 20.631278636686908]","[4.568637938648794, 6.572516671477508, 8.13650354000777, 9.580572018944494, 10.888848873491453]","[7.640325204142265, 8.214162297073448, 8.9282832152403, 9.560691610526154, 10.250886847950252]","[5.746106898974947, 6.385179677810905, 7.8874354966407765, 9.38392425223903, 10.851842252504186]","[48.499696977033864, 213.82807793944804, 245.80845238963343, 233.2171986470927, 254.87132429384803]","[5.927842165153607, 17.841595233189295, 21.087793016274613, 20.61963826519671, 23.106852862943754]","[7.153281995768217, 10.681122223959228, 19.628804619443496, 25.787397794263207, 36.20738067068333]","[7.644252189055126, 7.971372603195974, 9.72650055324331, 11.477808828660404, 13.47958731732342]","[9.100933994565478, 7.418371055173026, 9.468831625113166, 18.1428533369309, 28.3699311383529]","[4.647457400125028, 6.941118321129353, 8.556504394878512, 10.613288826586961, 12.15332777965436]","[34.765696309649485, 96.0857455236125, 41.617834300500434, 23.981422631886282, 42.8405307197888]","[6.952760255034425, 12.828595116947126, 11.499186233181144, 12.064201907783985, 13.067138884976265]",,
23,"[5.551934703137019, 10.816251569322354, 12.71821826102919, 18.250367937531806, 20.69675476658786]","[4.533582131390009, 6.538296936531256, 8.117346390886041, 9.639773745975369, 10.869512176454991]","[12.914498137575691, 9.328032038206205, 10.391666707972263, 11.24225500215245, 12.008142657236505]","[4.48291132481509, 6.198868595333148, 7.627939131676675, 8.856719676847861, 9.973968574089175]","[26.554301559019784, 16.339454432616215, 24.479198853135962, 30.255148905720652, 34.0276829344691]","[4.0383852380729435, 5.7480028113129675, 7.480284711692804, 9.160544629420656, 9.247458033241259]","[7.70357280161381, 11.24805683804763, 19.455139235663452, 9.058728207907885, 16.790143221078687]","[6.409147883932924, 7.813801886728755, 9.276554326013036, 10.628040695816903, 11.984745412937633]","[7.607418411648161, 8.598670542933574, 15.720251431711873, 14.89547025633178, 10.120273205164535]","[4.597123952854931, 6.834525751209604, 8.400642372185711, 10.32326536334165, 11.673730157364643]","[37.86810427491495, 25.675550304486517, 22.862211013240717, 23.443028478113266, 22.652908099581182]","[6.130283255896765, 8.841923063289748, 10.250188341319951, 11.207914548168649, 12.705453766703394]",,
24,"[10.814436170399683, 18.9851930524308, 12.019423718853865, 13.620075750084522, 24.288881672125346]","[4.757361639723115, 6.860470515167007, 8.347397807018485, 9.849795021192042, 11.169952572277483]","[66.33998706667761, 67.96046266046446, 67.44183820781518, 67.57646741839308, 67.87491944021443]","[6.783292586865783, 7.593603940100853, 9.197784229797175, 10.62382991424586, 11.823805534884912]","[11.126016383395145, 17.418790383821086, 24.652045712912816, 25.443530000235846, 9.947119525575664]","[3.8890273171118177, 5.437084541496297, 6.8725784971998385, 8.064284956052155, 9.555803817832937]","[8.125966907632689, 20.748919747063578, 21.891175678512646, 9.272060554100843, 15.127882881384458]","[6.564853800014986, 7.852256650100732, 9.388873248796967, 10.362434545218246, 11.588241301192529]","[4.757913581735523, 13.435480396688723, 8.218550236259329, 19.809147032735574, 15.983196776648025]","[4.544998867609738, 6.836458392129353, 8.441440557202144, 10.520772679001071, 11.87159836498602]","[50.720730574403575, 69.3266071859342, 58.40703362403923, 35.935896960444936, 34.545920283828735]","[6.154964586519126, 7.693493218540342, 9.269365035544018, 9.99075518650225, 11.013498649838485]",,
25,"[21.038431710799852, 10.716957408027781, 15.345587797450117, 17.491674062459268, 19.409449411612258]","[5.40795922989638, 7.117489351986639, 8.580240160998729, 10.195860008912225, 11.44765261809847]","[9.983116839924747, 11.021779126165672, 12.895706096656223, 13.707563846979722, 14.52577341408806]","[4.217449529018248, 6.138675083732958, 8.180298925989309, 9.7246241297242, 10.883010768215879]","[14.980263023101555, 19.352010469364235, 30.37869361958705, 16.137413181786687, 13.534509304622922]","[3.874026404990971, 5.561698814988382, 7.471495345352432, 8.423113181262732, 9.380289277024758]","[21.325231136208743, 21.605624344741827, 19.568146331660454, 25.4514593162739, 13.687475861983614]","[7.514009529634266, 8.700853105207026, 9.861840381934995, 11.010648527802674, 11.713908205307147]","[5.360268384229064, 8.441273163297538, 8.540961287521268, 12.025824027175492, 20.378046405677257]","[4.619892646678774, 6.894973992282844, 8.830005184584598, 11.04071257755468, 12.846061947931195]","[16.484365997319035, 16.615934520038415, 21.031138787118266, 24.435134689577318, 21.029643437950195]","[5.280984520241525, 6.758154904500836, 9.271986191248883, 11.246883484950933, 12.009854869704496]",,
26,"[17.31200120545121, 17.881844653691733, 18.97997979282356, 22.368008870266543, 18.841275054542965]","[4.76164454744548, 6.753789027949804, 8.276846832234156, 9.926314844539679, 11.126053336813788]","[19.10725968062583, 20.773416402615123, 22.79148003024582, 23.55062789202368, 24.269596781073812]","[4.251682308833751, 6.108600352232569, 8.07869051658537, 9.622016717169274, 10.800611649138702]","[14.82656662312264, 15.62297030053577, 8.314778123860275, 18.57681002880792, 9.405431772932236]","[4.283646541716269, 5.513488036764746, 6.947520999657099, 8.131740087972283, 9.411185893328451]","[20.870050962002036, 12.766579042652811, 11.853573527202014, 14.380006616368798, 10.82295094703249]","[7.12198336655062, 8.337776892158987, 9.583226897123751, 11.179862890794867, 11.96773980181307]","[6.566902548512375, 6.6490877049461465, 8.922265072288376, 7.94004780765485, 12.645330046447123]","[4.59104566767574, 6.834551515398102, 8.497160691522582, 10.608233540478695, 12.141240469452706]","[17.54560589285379, 20.577688769409484, 27.57920187916897, 48.655147256852416, 37.53853096116978]","[5.4063046874040595, 6.9314724880073495, 8.798038810694688, 10.777355390639567, 11.72785845270623]",,
27,"[4.510992801012064, 6.421246720931438, 7.417955899620711, 15.618118249135108, 18.179237941934637]","[5.000805276643269, 7.1032990586639935, 8.479512247414949, 10.177097827584523, 11.423627159057846]","[43.8248679085686, 43.62452338661251, 42.67343312600523, 42.769833189259174, 42.97728732943698]","[6.114168658610731, 7.624016794588502, 9.3960390866039, 10.788066640738501, 11.945046798204844]","[30.04104294655611, 41.97415971739648, 33.51609903494498, 32.61376345686699, 36.61112869214713]","[4.559168197895555, 6.976403795744873, 8.215821631399947, 9.600461275371059, 10.729453449645927]","[14.580215279624365, 9.063721373118945, 8.769828708175693, 12.251802329292177, 17.357551409304754]","[6.7011894923719995, 7.946815336967421, 9.188678737467827, 10.689722725193482, 11.862154088034176]","[12.006571707150465, 11.614844502125777, 16.81006001044121, 10.083615431789818, 9.846471537670698]","[4.704909556773405, 6.808912398612203, 8.379619627064685, 10.44296357326024, 12.136438555046755]","[28.986158846753202, 43.79623749722666, 57.18186105840039, 47.134319286395694, 24.28360501526962]","[6.738993316240774, 8.782613998174519, 10.88699215385325, 12.466110925956349, 13.652802212781326]",,
28,"[7.666312399135212, 5.8158772760878215, 7.286141781836912, 10.526465279387526, 9.256108503604054]","[4.801860597585042, 6.805062238949014, 8.320190319300046, 10.032553789815136, 11.069893309057592]","[28.465436945019523, 29.36976151815514, 31.236884242001917, 31.97217745100729, 32.68908254931365]","[4.548756850232967, 6.487677904517357, 8.420423672323604, 9.86342552914452, 10.982270075662246]","[20.65039202146485, 22.39670738012546, 31.554662243844305, 30.380855156374547, 35.557228644812696]","[4.173785235514321, 5.642951396442041, 7.077053913170415, 8.218642052281847, 9.410331158231184]","[7.630340220769924, 13.305775726811705, 9.61887816715907, 14.431889839112586, 12.124791971703829]","[6.63723111506844, 7.7237388361942925, 8.927043336671991, 10.35923424007347, 11.429435205101017]","[6.004699419028496, 19.348016238810413, 11.830056963103704, 8.137481143677697, 17.36452854172809]","[5.118000570525898, 6.951206323922326, 8.556553065631563, 10.650997218151076, 12.769358566831663]","[34.19811991226117, 27.407839640432226, 36.862030198651595, 32.16423906523905, 25.090266948013173]","[6.0345583481460014, 6.92988612762448, 8.357459210710273, 9.58479608247328, 10.620253113451987]",,
29,"[6.531013780665303, 5.278190516921811, 9.98642562987615, 10.59627051132005, 11.334155734315637]","[4.93687480285417, 6.852831695825993, 8.351641409630913, 10.110813126996836, 11.24175355489743]","[11.119030558873469, 10.495294105704197, 10.223932399152554, 10.748409748248687, 11.320974310158745]","[4.430196837405913, 6.438416339425945, 8.386125718567685, 9.816230540057914, 11.009923217791505]","[5.941398414239351, 6.333433616987339, 15.139612821421808, 8.588859430699657, 31.949327039555076]","[4.116190526237042, 5.6999395183848724, 7.601691339756836, 8.827088228357152, 9.488541596933437]","[18.551694460354902, 25.114041867535914, 25.77244495740731, 22.22152402985384, 29.42345209386734]","[6.596394760522678, 7.8033792130716195, 8.755054346283618, 10.206331200465407, 11.336963178532091]","[5.045049020175532, 8.521958345760234, 9.259234972900355, 17.708174683093453, 15.777246955823967]","[4.73018617448406, 6.790575558644655, 8.852770726481513, 11.061762624095582, 12.39458367455978]","[27.194815281097046, 24.890164860109564, 22.86854014369433, 28.14657343300222, 34.84881754619031]","[5.873138258216309, 7.4471817067673305, 9.192716419353685, 10.635525536523776, 11.813743938030042]",,
