,LSTM Train MINMAX RMSE,LSTM Test MINMAX RMSE,ED LSTM Train MINMAX RMSE,ED LSTM Test MINMAX RMSE,BD LSTM Train MINMAX RMSE,BD LSTM Test MINMAX RMSE,CNN Train MINMAX RMSE,CNN Test MINMAX RMSE,Covn-LSTM Train MINMAX RMSE,Covn-LSTM Test MINMAX RMSE,Transformer Train MINMAX RMSE,Transformer Test MINMAX RMSE
0,"[0.018962142435336088, 0.024874080476249467, 0.03012343954418781, 0.03340326303599492, 0.03649411815976343]","[0.03536082836326979, 0.042375194360671435, 0.05052973203471663, 0.054859424937857205, 0.05949497708306889]","[0.018760171242790703, 0.02789790596751181, 0.031838920109799745, 0.03453572979901399, 0.03779145320772793]","[0.03127087702439647, 0.045791469846435645, 0.05091966275433448, 0.054458626962314294, 0.05951955069077725]","[0.0188134830795739, 0.02466062950449496, 0.029985847969123743, 0.029989748973949345, 0.03291432068369584]","[0.02983066833110283, 0.03702316123609055, 0.047142151071702075, 0.05264387999821633, 0.06035317361776403]","[0.027171512831356246, 0.023924151526769157, 0.025169284212762502, 0.027550217790932897, 0.028723995266492355]","[0.06412081483197836, 0.0648557003341205, 0.07180335071602034, 0.09267415507306546, 0.10125063011230807]","[0.020993238320911756, 0.017099542944593704, 0.01774468337554901, 0.02133103465327748, 0.025240928624961932]","[0.04152044525519597, 0.06484549102864155, 0.08347969787629449, 0.11175520027552117, 0.11109400884295237]","[0.040525851151084626, 0.0351576684017951, 0.03312034931319349, 0.040638491048398166, 0.04156304297675683]","[0.15763093011691076, 0.1680484049593459, 0.17901143019758411, 0.19441341137285728, 0.19437095497381363]"
1,"[0.021643691718856314, 0.025733334427132715, 0.0321119035116409, 0.032123800215570826, 0.031154033743938797]","[0.04226834089659909, 0.04842714035653606, 0.06221261674190979, 0.06706927192239222, 0.06929417604495873]","[0.01819824480024052, 0.02516265288847495, 0.029777350814283596, 0.0318653053043291, 0.0353261663331505]","[0.03489338015885383, 0.046277522329101616, 0.0533396571990029, 0.055768135240575105, 0.061267324541064205]","[0.01894032689414942, 0.02547597682716566, 0.029308397377220883, 0.029900295600856035, 0.03235421783280276]","[0.030354265483087527, 0.03861446815359724, 0.04804087886970423, 0.055559824321646696, 0.06460548092834562]","[0.02274561990973961, 0.02095148063082309, 0.021565002958692018, 0.02358566652485072, 0.02833086714453121]","[0.08113300350101223, 0.08821125088692988, 0.10106409536176622, 0.11723871788713866, 0.11401027520253042]","[0.012247465386576784, 0.01499486853056756, 0.01645006064147115, 0.017692804378719923, 0.020881595859243356]","[0.057562028803693786, 0.07385441481965777, 0.10035986568555108, 0.1354543011722381, 0.1455251987988687]","[0.02530826729480413, 0.02094046951492695, 0.026880653802712557, 0.03096506650820725, 0.026709282602803967]","[0.27696092585755594, 0.25384051115020667, 0.24999203945812493, 0.26942438697026144, 0.2804698239267143]"
2,"[0.023038350851455964, 0.029371636003042354, 0.029146837535531114, 0.02778078112807817, 0.027097662656987622]","[0.04276120461931477, 0.05447019888464976, 0.07677788590905281, 0.08383412635453885, 0.0940803070111944]","[0.020712877277772632, 0.026641021222921203, 0.03014540455095466, 0.03164867039487174, 0.03470149090429206]","[0.03826239350976063, 0.05268610234351979, 0.058755635821231805, 0.06082839423221472, 0.06594556032563403]","[0.020652442838172445, 0.027420116568125503, 0.030001977419115308, 0.029923940960560752, 0.03170430490886468]","[0.03400723235949666, 0.043017019413896206, 0.052956542305531436, 0.06305215325289427, 0.07316701684570215]","[0.020152748309348177, 0.019151077533586563, 0.018980385844354263, 0.021036963327022363, 0.024526623707988162]","[0.22583806964710637, 0.3066907433675916, 0.32721334443031064, 0.3371722509844324, 0.3005619450925504]","[0.011990836578878354, 0.014528647337880719, 0.015359073484429053, 0.01619536173304987, 0.018171714050966223]","[0.04961681067149629, 0.09347108481149645, 0.1486412712158925, 0.14049854645728796, 0.14158486290923156]","[0.014564598376916815, 0.014731309930247464, 0.01711997406095927, 0.016927288004125896, 0.020623008084343128]","[0.14561291750257604, 0.14447158114824282, 0.15316487914291058, 0.15484426973926088, 0.15971067623388907]"
3,"[0.02015266283667146, 0.02589745226977332, 0.019464165167556412, 0.02141465167863561, 0.02541362625502423]","[0.04366950094654356, 0.05862013001629752, 0.0864444584346327, 0.10145203687905821, 0.10108418596573363]","[0.021406046414078717, 0.02650351822359342, 0.02361856299785609, 0.02439984100626993, 0.027106811474534254]","[0.037788005987668606, 0.06824445051393255, 0.08643194919193839, 0.09520590442431702, 0.10127832734071235]","[0.022201257953759213, 0.029454635582564, 0.0305547872757367, 0.02891080695803401, 0.03074740896255648]","[0.03783566517480425, 0.04940988661631305, 0.06070515560416266, 0.0750530749813305, 0.08230190983734308]","[0.01913714519640396, 0.019870904668912042, 0.02149190130065081, 0.023283971455046616, 0.025017797020754545]","[0.38971682928874635, 0.41456020143189704, 0.4235257319199057, 0.4461909287725658, 0.4187909904404589]","[0.0111265564373392, 0.014101227380227776, 0.01480340046841947, 0.015131170931881759, 0.0167231294907378]","[0.06307157050996685, 0.08378633401551176, 0.11520648582236676, 0.15603312027229035, 0.14345374801989733]","[0.014751888250473535, 0.016881035119736702, 0.016893235051204124, 0.01960954165174145, 0.02376411491823367]","[0.16283115863938274, 0.16928602349997543, 0.17718165951414303, 0.1832052300219346, 0.19057790255453666]"
4,"[0.021979137448962106, 0.02053569893568244, 0.020722960860593, 0.02239430816364317, 0.024503902241199093]","[0.05363818856399624, 0.07498710298567164, 0.10261784378876768, 0.10463683974503508, 0.10669999711996485]","[0.022350746124402354, 0.02698665009959235, 0.02177367445709926, 0.022561208214710055, 0.025117307764567488]","[0.038714729406024564, 0.07549964320273334, 0.09043389844750888, 0.10089367108057828, 0.10917310441633303]","[0.02262353993052839, 0.030002629855508556, 0.027417527723752506, 0.027093848041519934, 0.02980650346542236]","[0.041698423380427896, 0.05704725535287694, 0.07443364701773346, 0.09398188466964673, 0.09553806008876668]","[0.020628031375798557, 0.020912068135197096, 0.0200840485920981, 0.017031537430970196, 0.018142560640090264]","[0.4412560430460626, 0.4502789028742292, 0.4442659680850095, 0.4476571707778528, 0.42857673911949107]","[0.010524397929744677, 0.01229751654216336, 0.013835054149504727, 0.01380050052920156, 0.0167219737421966]","[0.07872880792889714, 0.1081162688655121, 0.14331256249166047, 0.15951342854122422, 0.13781531246399084]","[0.014401662049880033, 0.015087929825414495, 0.014115328694521239, 0.016743620890074636, 0.01863687247860326]","[0.161291302003989, 0.17310130955425337, 0.18768239864170605, 0.19093738464214166, 0.18648898730267252]"
5,"[0.013922379841243039, 0.01703779001136293, 0.017580779463930492, 0.020976312212246655, 0.022609086129530994]","[0.07374587582589322, 0.09054257650270052, 0.1104030909439841, 0.11517217170520871, 0.11077772089607021]","[0.02365438508083048, 0.023983262450504767, 0.020798417846100828, 0.021239931686720444, 0.024011465276748592]","[0.04287716905601062, 0.07463231284838588, 0.08294909805681544, 0.09006786609405494, 0.08748611692504112]","[0.021760261609683938, 0.026881999707517604, 0.02723688358801873, 0.026566653149209786, 0.02932534595510234]","[0.047715906297798476, 0.06877409263183998, 0.1020543963856868, 0.1136246112593567, 0.11249308241784248]","[0.020095514859728554, 0.02076992976153133, 0.021570788219677523, 0.022620377440912675, 0.024433483618604607]","[0.44878580202182466, 0.4359107898455457, 0.45832450953351367, 0.48270536210077264, 0.46055140799523714]","[0.010836046915665136, 0.012289534507272826, 0.013699445170333021, 0.013925729373705353, 0.016207054034454098]","[0.07100626371011964, 0.09066913670054921, 0.13305690385592606, 0.15373393246509834, 0.11067230718494908]","[0.011207748427811009, 0.011544269544075269, 0.011223385371050307, 0.01592254339729633, 0.011935577189114374]","[0.16398872943670326, 0.17304200504744657, 0.1788613355856578, 0.13987787137782767, 0.14444556785248616]"
6,"[0.013176096361663973, 0.014360882478563458, 0.01638699592193675, 0.018655251269585157, 0.02061411259111372]","[0.0848257176715081, 0.1061137916020699, 0.10927980712174501, 0.10486635959277203, 0.10246592967471672]","[0.025021425792066742, 0.026806547665259414, 0.021595555456008383, 0.02328777769378105, 0.0272517096808495]","[0.053014461353340425, 0.07706757741461068, 0.08880840874743584, 0.0922698945843318, 0.09116294158296129]","[0.01835918286422393, 0.023208457829472395, 0.02371457873363012, 0.025086053157183617, 0.028692379375858168]","[0.05626301357210984, 0.08598123116906646, 0.1359485851782784, 0.13780445462868804, 0.13130676562827753]","[0.01360672506598776, 0.013399736354002104, 0.014112310039277298, 0.016016177192579802, 0.018552887468549075]","[0.42611659862370327, 0.41475709116419957, 0.47252090964716403, 0.517998310613851, 0.5235858049658945]","[0.010230873170944564, 0.011148967644372036, 0.0129716912561668, 0.014047174424019907, 0.016972286223871584]","[0.06543334775944519, 0.15779368582312203, 0.09605243755396298, 0.1240502329273222, 0.1144228069228549]","[0.010229285854169929, 0.01118284283408591, 0.011414058542107657, 0.013823704658379083, 0.012799077150008309]","[0.1571490336960893, 0.17060610786104302, 0.16271941075100485, 0.14291269585184763, 0.1560266440357063]"
7,"[0.024487138344155043, 0.026075111465006448, 0.037234485111165554, 0.03348289633694644, 0.031301006230151834]","[0.08451195830490617, 0.1038937241382404, 0.11107275631105937, 0.11239435278699066, 0.12258943639982074]","[0.023289500715556175, 0.022908647859465718, 0.018801356342119713, 0.021266452442436738, 0.02581360944596167]","[0.06322682919565924, 0.08394499013291831, 0.09599205675118723, 0.09329597398447748, 0.08834821816653876]","[0.01726236221383306, 0.022296112622160885, 0.023046466449500022, 0.024702418059906906, 0.02845414034006316]","[0.05938716066946517, 0.09684295879381284, 0.16462029632471067, 0.16013799691285344, 0.1487902603233129]","[0.012651923880712174, 0.012268699435920627, 0.014037504657682482, 0.01555529833346953, 0.01841225788876234]","[0.4171820425078302, 0.42723068911835865, 0.47607169233004376, 0.5131278970915789, 0.5190243965179556]","[0.009751379083668552, 0.011242734721849895, 0.012742333925872481, 0.013190418772333594, 0.014397547632291806]","[0.109416950901189, 0.29655047705709353, 0.16697266589996962, 0.0958070389781796, 0.29083447125762607]","[0.010719483028099174, 0.010541176144572827, 0.01106740906658536, 0.012425292780762397, 0.011461017420241722]","[0.1451776907019408, 0.15750991928839692, 0.16362822151393952, 0.14215825440201005, 0.15096515750128203]"
8,"[0.011347625566228509, 0.01382615709425553, 0.01616800555557603, 0.017714842919954947, 0.02167098780853515]","[0.09070866048178108, 0.10907632113515438, 0.12242348230179535, 0.10232682588254884, 0.09096600752249245]","[0.020972320383214456, 0.01839977908307247, 0.016674548941548482, 0.017437833864445168, 0.01995230932016307]","[0.07717613031730346, 0.10290323393219099, 0.08705872666653808, 0.08140012702728865, 0.08699319841521168]","[0.016911269269041133, 0.02151439643366106, 0.02349374477694059, 0.024242599383529663, 0.028423941792724974]","[0.06278474802279572, 0.10716119965110175, 0.19070159302477133, 0.19388751675385768, 0.17514387446411114]","[0.014182685591732852, 0.015979757612636123, 0.015576322715911894, 0.015663791822771056, 0.017058419519836714]","[0.44821837071486725, 0.41664673528914625, 0.4516426056604076, 0.48329859561517174, 0.482313748603776]","[0.009639712354032666, 0.01002188293207237, 0.010912943888589608, 0.011644213378563797, 0.012724877627559424]","[0.12071836591527563, 0.3596456210656903, 0.3182462572807439, 0.18665859780135763, 0.4008054820095693]","[0.011401965393909821, 0.010366426407762837, 0.010635470700949319, 0.010802900598972338, 0.011339327195163526]","[0.17741573679500167, 0.18101435497096977, 0.186079314325635, 0.1338711247481537, 0.12229529608829122]"
9,"[0.011181126453756365, 0.014360351146043815, 0.01623326186800665, 0.018323943596229485, 0.019791305453272026]","[0.0871418366680335, 0.11893812071236907, 0.09640406736961434, 0.07401952267732986, 0.07683663589540322]","[0.017292468335207, 0.01573512897870156, 0.016508350554726513, 0.018372499709616325, 0.021305008914492943]","[0.08805491526947277, 0.12076038482712866, 0.08734933558266651, 0.0826941432538327, 0.08658078128415889]","[0.016890449036489917, 0.020531803654541353, 0.02219071617778998, 0.02381731074672405, 0.02818587864033481]","[0.06703627422650058, 0.13419692072185124, 0.18390357802909219, 0.18587459694260403, 0.18645862533141647]","[0.012864915524963268, 0.012720927224260799, 0.01355253244464362, 0.014129633398192733, 0.01517341836339711]","[0.44631592207932513, 0.42630188897960714, 0.4810553988168401, 0.5188076872607922, 0.5238684428472342]","[0.012795367309144207, 0.02299191942361121, 0.02196277185029271, 0.020436398928608376, 0.022884886578211795]","[0.050111821995349734, 0.3259477660227366, 0.2858747430626186, 0.1898597301810778, 0.3448135720250072]","[0.010761645238797806, 0.010487188827317011, 0.010256013634612746, 0.011645271063902757, 0.010805277178763171]","[0.1256905166878486, 0.13458213241379186, 0.15625552413138427, 0.15894868779578503, 0.17096827445727728]"
10,"[0.011199795981564986, 0.015127140426196216, 0.015484448120905762, 0.017939605125522937, 0.02174830257450444]","[0.08346557051105247, 0.1222918397315288, 0.12747443710905773, 0.08456385218098719, 0.0816050327580269]","[0.01652639537684839, 0.014859488147811952, 0.01575645119726383, 0.016456638276278385, 0.018448589151486155]","[0.0932297458612051, 0.12894595605764544, 0.08531781575207427, 0.08245117957506734, 0.08811876272291526]","[0.017486894010537688, 0.019655333595292698, 0.022455508676058458, 0.02477930104338765, 0.02722143601080095]","[0.07626730520702374, 0.13470195742253088, 0.17522227973427426, 0.17645705277683565, 0.1810397937534298]","[0.015745507903114308, 0.012663449623936004, 0.013204018352109395, 0.013374099687833116, 0.015166177731303292]","[0.45633841291222965, 0.42835748341833046, 0.4616606819872845, 0.4826729542567716, 0.48618786209221304]","[0.008853712852476292, 0.011915658495930861, 0.01196481274846611, 0.01313775791963985, 0.01761503855360418]","[0.06581409510754191, 0.3022414424279529, 0.2337070249483637, 0.15546357073775652, 0.30903145583114605]","[0.010071536072188194, 0.012096901596684896, 0.01059060770441114, 0.012114981428361989, 0.012173569903881323]","[0.1522965094937571, 0.16768077439214082, 0.19097363491868793, 0.19438733901608513, 0.1905935453881713]"
11,"[0.010516132589443724, 0.012844521402110865, 0.014364800454589335, 0.014803954552848107, 0.016419722000329793]","[0.07882915024642963, 0.10834145754146267, 0.11031347597106626, 0.09090718613680444, 0.09014267720476486]","[0.01416356659488867, 0.015251643882870182, 0.015823601322706923, 0.01648887260446575, 0.017651648336404594]","[0.0921753640598311, 0.13130584623574482, 0.08580424935753349, 0.0804480562658647, 0.08690526387210118]","[0.015668594305087203, 0.017564187901869772, 0.020032930997253052, 0.023664831595730604, 0.026913365387906035]","[0.0915529908067064, 0.15934619534779193, 0.19418679031375272, 0.1782809887421052, 0.19205793499476448]","[0.013343116439634463, 0.012146095954147229, 0.013491758835673497, 0.015861375203860953, 0.017613599414878063]","[0.4406384594389163, 0.41853583343816425, 0.45062041466815855, 0.4700904759441508, 0.47137620766286875]","[0.012313834076584377, 0.014646988723562097, 0.019134411618450087, 0.022156098346661362, 0.02618263731509427]","[0.05588241997882368, 0.22233605380802782, 0.1588890053293016, 0.13708904774610187, 0.31898534295758774]","[0.01407953896955051, 0.01519222463581551, 0.015839205102658932, 0.018358762834141146, 0.020446799830296812]","[0.1868246030412044, 0.19291579519835697, 0.20997981641802047, 0.21372687312373997, 0.21137520395080175]"
12,"[0.01098746822446095, 0.012363369534772677, 0.013822174849835143, 0.015447152956720719, 0.017448945903833335]","[0.06514297723935226, 0.08944570226367783, 0.10116424040220856, 0.09530961363682838, 0.0882495962553277]","[0.016164121582094702, 0.01439409402828386, 0.015539378456273192, 0.016196718184556494, 0.01799299490153113]","[0.10861932088039584, 0.14242939474454885, 0.09618400612684684, 0.07997187401012751, 0.08442633163665961]","[0.015476842216465165, 0.016899738659520765, 0.01932661398534907, 0.022987605770927667, 0.0257448700145245]","[0.09651978585852584, 0.1701504026563493, 0.24734930194009386, 0.2160617085218256, 0.24567954334957892]","[0.014660775870438132, 0.011666169546241086, 0.012759718949390054, 0.013854007456689783, 0.015162974841183202]","[0.4498122706625705, 0.42749597437089343, 0.46801260875032935, 0.4901426677519831, 0.4996935854204574]","[0.009054987774316747, 0.008938095330599484, 0.01034247806715888, 0.011650377879252409, 0.015165347276208017]","[0.048543414429592764, 0.21301527223554761, 0.07927140865944773, 0.11236276830733731, 0.2667422236147551]","[0.010281806078642092, 0.012018208970673178, 0.01152797572254302, 0.012618008166372149, 0.01743675346363894]","[0.13089843461361161, 0.13456257984824527, 0.14886173821686555, 0.15486175385622686, 0.1547350251595535]"
13,"[0.010747988052763922, 0.01389482701818386, 0.014436999212942515, 0.017308400258673518, 0.01683875732734435]","[0.07207425417655013, 0.08220982770294843, 0.08532654743170859, 0.08348237691596404, 0.08688215842256602]","[0.013586033443531922, 0.013079867646840462, 0.014613843045090807, 0.01485604353869674, 0.01643362451078561]","[0.10394466643713897, 0.13239312702531486, 0.09204368150658444, 0.08174401172102987, 0.08778739301179922]","[0.015253952124319105, 0.01679060600649513, 0.019069931714715313, 0.02286969286466833, 0.027142949173434662]","[0.0985971193202293, 0.17203854843273397, 0.24197711348522336, 0.251357675467451, 0.2523083690770008]","[0.018375047597842167, 0.014485560560146046, 0.015054805045247782, 0.017141016783277764, 0.017145222088787087]","[0.4676410418326299, 0.4705451744626448, 0.53794823482545, 0.5811625900366624, 0.5978243143454884]","[0.008609007137847501, 0.00945155444225355, 0.009613697872184362, 0.014110962351779124, 0.016315015257630242]","[0.04864249519225167, 0.22963974011948643, 0.06104013235464771, 0.1446043742681844, 0.27088950045413457]","[0.008887382716173054, 0.00946876367326471, 0.008961805062228323, 0.011036530798362754, 0.009841723151835284]","[0.152314550223267, 0.16144714854362582, 0.17300532905796662, 0.16799836364022475, 0.18136183952344923]"
14,"[0.008875630799377632, 0.010525052423458506, 0.012285410578195283, 0.01309045338969242, 0.013542604877711141]","[0.06755947752621234, 0.0817575991599708, 0.09368446626930954, 0.09189989774192818, 0.1044109561528263]","[0.011916647911984546, 0.013332374585577653, 0.014955736164557884, 0.015112976990921692, 0.016784949851472927]","[0.10534908170387738, 0.12027514207183654, 0.08367461055859143, 0.0875312856238871, 0.09536928491389413]","[0.01355075255882475, 0.015880476761623522, 0.017500564690625334, 0.02160626841552886, 0.025127987004182485]","[0.08713029460565905, 0.15981829655217206, 0.2638861437335931, 0.30421860194504086, 0.29208546531257934]","[0.014787924087454125, 0.01269621466845265, 0.01327913206420943, 0.01356190233036424, 0.014198960639334643]","[0.4654897057466662, 0.44951493023985417, 0.48366843463491493, 0.5078338648762468, 0.5167195847736059]","[0.007478191719825949, 0.0078031561410784895, 0.008628057222614892, 0.009248734093131832, 0.010163764591986956]","[0.04790306876927446, 0.1914989261799127, 0.069080111631541, 0.12200562603315496, 0.30985815186686544]","[0.012359659810744609, 0.013732388363114205, 0.014218304137142156, 0.015715938459253703, 0.014732410106034927]","[0.16685584858815813, 0.17410598644330127, 0.17733027280122865, 0.15410520536771175, 0.14401352648930216]"
15,"[0.00847742148219613, 0.00965544386406747, 0.011121896115594937, 0.012038113360076961, 0.013147192283782864]","[0.04557582899282192, 0.0646772549726642, 0.09782600679913642, 0.09351108721961264, 0.08758019959786272]","[0.012049495982395419, 0.012913227869673641, 0.014025574403888208, 0.013892219229058962, 0.015635001206885463]","[0.09701134032551748, 0.0997930101866556, 0.08250720939436161, 0.09055055771695869, 0.09839531179527218]","[0.014049133989806496, 0.015991590511402393, 0.017651738119388565, 0.02231744387270959, 0.025211558923028756]","[0.08954261462590073, 0.1447448761371283, 0.2557378965105939, 0.3162584108465441, 0.27972977211182914]","[0.013692555103833461, 0.011390664918925654, 0.012246159988053496, 0.013085350914668331, 0.013696139588211554]","[0.47942600022962484, 0.44914946515284665, 0.48271094632160805, 0.5022647041563766, 0.5082156492885084]","[0.0073146653616425195, 0.007876224365412412, 0.008724886222483987, 0.00914574633254392, 0.010369093417127268]","[0.08818099472880228, 0.18953277522961753, 0.06903515217661108, 0.12603476837260477, 0.2208768437222965]","[0.009693246721239038, 0.010886875470566292, 0.0094369131536524, 0.01204521777354951, 0.009710803896422312]","[0.13261201767104447, 0.14483315601930127, 0.17279742045124663, 0.18692497787059556, 0.18943662618796683]"
16,"[0.008400131484322528, 0.009388668711936195, 0.010980095032715718, 0.01225410972604045, 0.01317915745979664]","[0.04304258761234779, 0.05962203227215992, 0.08525607840281368, 0.08037553472949197, 0.09110270224840666]","[0.01094850573451127, 0.011801326864969198, 0.012978606299028033, 0.013015915737837256, 0.014636664585188737]","[0.08838429729142645, 0.08825561491985333, 0.08451989045416139, 0.09127808318810349, 0.09818075045250198]","[0.01290076276146498, 0.015100384276755549, 0.016761147620398185, 0.019962027254824512, 0.023417045391749505]","[0.08916532326859233, 0.14132276795729382, 0.29364908785512284, 0.35121198579790824, 0.29981036900954655]","[0.013693973733741507, 0.011425319022381133, 0.013564560604784946, 0.014558139604141412, 0.014485036246797702]","[0.47541279929901736, 0.4599613816834021, 0.503110220237722, 0.5233817901166787, 0.5347573327053744]","[0.007136095887311872, 0.00762662570867925, 0.008738203388363895, 0.008967105140920837, 0.00940221259589592]","[0.06773637832385974, 0.14841803949459068, 0.0606471997812748, 0.10114099487021205, 0.08940840183159568]","[0.008028109544990284, 0.008585831048238074, 0.008672035172170885, 0.009603517741750361, 0.009667067295435323]","[0.15594456653704292, 0.16425134035221134, 0.18321773958801693, 0.16549352429968972, 0.15689958460136877]"
17,"[0.007796360503312745, 0.008972936915844346, 0.010265078336060858, 0.01030143860082037, 0.0114913726322039]","[0.052090161113866246, 0.07169037748121146, 0.10511226902026084, 0.0897963783955067, 0.10249775650120614]","[0.02368264393673708, 0.020259198657400345, 0.015904812529845585, 0.0171699490563353, 0.016327528681928206]","[0.08435707593422292, 0.08015666322591962, 0.07862672736460817, 0.08962000265659849, 0.0977684876401184]","[0.01389565219940157, 0.015544545886346753, 0.017203670893001326, 0.02055388413817707, 0.0239421185880725]","[0.0974538274727929, 0.12468777354558694, 0.2818872270226604, 0.357644731633223, 0.30352220614580305]","[0.01353457556581614, 0.011261591202821811, 0.013767205128171832, 0.0135490736866754, 0.014383943959662984]","[0.5036551431325313, 0.45445535504448714, 0.481554811980725, 0.5165471732686058, 0.5286370115051947]","[0.008431843502085916, 0.010437197323857865, 0.010133001334611839, 0.011706734388219286, 0.013077424954625641]","[0.06018197471061144, 0.11421203785053917, 0.07156284732823578, 0.07074608878112205, 0.08441668085675384]","[0.00789043123578825, 0.008675044630127674, 0.008234381887198754, 0.00862693745821516, 0.008931520022079522]","[0.09832034740793158, 0.10955808499874813, 0.13386328451290075, 0.15413736233633582, 0.16061982026494986]"
18,"[0.007327638750099567, 0.00853786946031501, 0.009312794670996062, 0.01005318725635852, 0.010841314794667264]","[0.050861216196645236, 0.07000648968336418, 0.09549386072733232, 0.08855232402116979, 0.10344881397524254]","[0.012368387353285862, 0.012873865694174619, 0.014331260039523326, 0.015630460394756872, 0.01961561528177531]","[0.09336473350326906, 0.10045614888314633, 0.10745644782155912, 0.08450655145940693, 0.09064043009104251]","[0.013562841379764282, 0.015276179765097273, 0.017069442702112404, 0.019780838265467116, 0.023108507821804722]","[0.10065481218416968, 0.12323133345452143, 0.30965971313416246, 0.3951675508880616, 0.33949032198665097]","[0.016510696744046146, 0.012903383759139754, 0.014829380157326419, 0.02074624212499417, 0.02309921935431462]","[0.530219225199715, 0.4905687097567328, 0.5850623747164116, 0.6622274299794288, 0.68953754498439]","[0.006972019180342994, 0.007356118376855586, 0.007997923971609831, 0.008312070662652023, 0.00957441721977158]","[0.06329362731880472, 0.10386481856703848, 0.0742186143657866, 0.07777357277642193, 0.0896868572072291]","[0.007970779154150653, 0.007452180972133626, 0.0079552963091329, 0.008701714945055162, 0.008327673787108726]","[0.15117350599872675, 0.16586958938641427, 0.17001197567607026, 0.16148510010386363, 0.1572241584055917]"
19,"[0.0072638380663751665, 0.008368291121201703, 0.009560496969339515, 0.009898646374294915, 0.011020708349151106]","[0.05870609615725882, 0.07383215881790556, 0.08910158576486753, 0.08882221166231202, 0.09629265327529785]","[0.011323285043071016, 0.012553454814173257, 0.014111653978697536, 0.017138816662571346, 0.020064716565293607]","[0.11794638914203213, 0.1285728224112899, 0.10471342848713497, 0.0843267454575403, 0.0853058421770691]","[0.012806456049212664, 0.01457509208480332, 0.016162882716079446, 0.018698027577979642, 0.022124842371454914]","[0.11670489176895028, 0.1580902081874583, 0.34561628507817077, 0.42331296705660304, 0.3819102880116638]","[0.016109304098320284, 0.013934264712454434, 0.014548198279692696, 0.016536294825611496, 0.019986992353891078]","[0.5565817510538412, 0.4700782644167123, 0.5175660186985152, 0.5958094915723342, 0.6312771197160058]","[0.00671338182629547, 0.007108316386016192, 0.0077511384328268745, 0.008638461609664697, 0.009127348107028366]","[0.07283560245966278, 0.08662949119435893, 0.08314058695339518, 0.07907010789560388, 0.09091154792966752]","[0.019626979677484627, 0.020966083800282604, 0.021310750907334648, 0.022493646372268868, 0.02574281312946555]","[0.2575679162352429, 0.25642116917665675, 0.21713646678333184, 0.25355179184092463, 0.24563740775525503]"
20,"[0.006990209813425545, 0.00827626448227403, 0.008833567278341429, 0.009305217418830463, 0.010239961791199037]","[0.06162059252407447, 0.07698143398401308, 0.09384975771420517, 0.09069685171242685, 0.0982493830745007]","[0.010856203953345682, 0.01112960676303221, 0.012509090254204469, 0.012077260270787062, 0.013451346142970647]","[0.1220874459835409, 0.13007850665424123, 0.1387913887060037, 0.0793102581355443, 0.08567243754697369]","[0.012483379335568033, 0.014392258611031094, 0.016063840005597716, 0.018136574781819723, 0.02157822927747609]","[0.11483180430806599, 0.1528131584639801, 0.34320384867502035, 0.4355890856333682, 0.3999498567658674]","[0.01912430805100681, 0.012562273213431384, 0.013578396160636661, 0.017318905289237026, 0.019299460568054826]","[0.5894186547420334, 0.5221594056881522, 0.5379107758482465, 0.5939185469611272, 0.6261169113619882]","[0.006779132296096813, 0.007026796863224379, 0.008156432082894478, 0.00802996369363722, 0.00887298421483491]","[0.05978910668550358, 0.08564603214337257, 0.08232337385529277, 0.09024115106245788, 0.10581081321864928]","[0.00862370889071456, 0.00857431988694909, 0.009463994980007075, 0.009806886252915285, 0.009517851431829944]","[0.12822326000003892, 0.14156599434040598, 0.155880785931201, 0.15973925990223115, 0.11192228882171004]"
21,"[0.0076396136373537565, 0.007955821103312869, 0.00869023289708302, 0.009316991172500596, 0.010473870491452115]","[0.062455763969014366, 0.07640129307414323, 0.09067245737642517, 0.089536925601156, 0.10247222388874254]","[0.009367946053139705, 0.010062355620212238, 0.011171513243242974, 0.011284319057587854, 0.012246840935121843]","[0.1366737019334437, 0.13793589613992305, 0.1251530977252132, 0.0787030799933618, 0.0832724611565963]","[0.011691505873108129, 0.014332286599851808, 0.01620921599357169, 0.017945843878908737, 0.02132033933334577]","[0.12184163475037392, 0.1924672968704708, 0.36156758699744523, 0.4441826865215873, 0.41991148433142517]","[0.016285991551088834, 0.013694119933574228, 0.014381540557490963, 0.017926306539926693, 0.023990724983077454]","[0.5940874450918799, 0.5373582739016205, 0.5358612185098859, 0.5732852301394965, 0.6044730188377012]","[0.00726662665147136, 0.007110943485950147, 0.00750214562240591, 0.007949204119281824, 0.008637374254414106]","[0.05896761454394183, 0.07190866893163497, 0.08510404267915436, 0.09012531074689113, 0.09268623160720998]","[0.00949251030528932, 0.009428617723923258, 0.009714560523322186, 0.010226691475489005, 0.01104264444720194]","[0.14838176152470323, 0.15397988102730403, 0.1899602018871069, 0.20282569103466028, 0.18151841619178852]"
22,"[0.006710228263404505, 0.00772463503367857, 0.008422742853198027, 0.00904704474151838, 0.009780466884136878]","[0.06242819869781495, 0.07299130046491904, 0.08650976344996554, 0.08446247964829448, 0.0884796970348227]","[0.01036588198350946, 0.010548872657844387, 0.011401328984723496, 0.011918378910800106, 0.012777059037735333]","[0.11075671141639395, 0.11569668505137295, 0.1078015103731048, 0.08159970052542224, 0.09006959702473831]","[0.011718274514508955, 0.01418387569621987, 0.01604417333378674, 0.017803089853151797, 0.020649006090527635]","[0.11620048793012126, 0.19384474078552924, 0.38345811804662516, 0.46088058593762654, 0.4441105193037413]","[0.01832036413675759, 0.014358990979820381, 0.01602238640841173, 0.01879813477419529, 0.018719860632627008]","[0.5593225109606642, 0.5119295535128887, 0.5040189937982574, 0.5219969359096428, 0.5552934474635736]","[0.006595795102378688, 0.007270049784124852, 0.007558113108928615, 0.008062964976650263, 0.008817327586845548]","[0.06298909828659367, 0.07184080779010348, 0.09403871204400985, 0.09247536899190717, 0.09653421654743649]","[0.006746812285514287, 0.006998884175082573, 0.007634320737713444, 0.00789148253903615, 0.007933128096942658]","[0.1543422851105301, 0.1498215995995515, 0.17194265023892316, 0.19727655489044843, 0.1513945554084249]"
23,"[0.0065345713140023, 0.00788350250635951, 0.008298354128547805, 0.008973406118077386, 0.009627953122928128]","[0.06459108866450985, 0.06947333047893929, 0.08291807091523193, 0.08351783448328981, 0.08821308647922792]","[0.01055207859826158, 0.010364357848197064, 0.011474193126013643, 0.011357319319320791, 0.012040611084327904]","[0.13546669020232305, 0.15041291143285335, 0.10317183692472429, 0.08557859870325363, 0.09217832737691456]","[0.011639368281118093, 0.01418269171454151, 0.015923621041963033, 0.017848998256526975, 0.01999661668593615]","[0.12750702054322804, 0.23022511169607918, 0.4162168210424471, 0.47474411291800295, 0.47597085187999777]","[0.01476737459653623, 0.012477325586144693, 0.01261752790067224, 0.012910638379829654, 0.01544030989647304]","[0.5859198116464004, 0.5680819626502547, 0.5777468848012202, 0.596771543642017, 0.6170271316109156]","[0.006696165664898061, 0.007131070270580634, 0.008013641835064209, 0.008745750676017593, 0.009135046589920273]","[0.08572953507590401, 0.08008571998033434, 0.11046912719680277, 0.10918857536739571, 0.1310346301595523]","[0.010969287150260553, 0.010540144345560573, 0.009700530302264698, 0.011968189398404753, 0.01066508373986844]","[0.14768453293256123, 0.13967185736364282, 0.15397237352850562, 0.1149166863644767, 0.12389789319646814]"
24,"[0.005952592538144046, 0.006985161172963095, 0.007687100277292285, 0.008294305728172593, 0.008877986184265453]","[0.06390586020142545, 0.06825899971458455, 0.08380864888173346, 0.08561309422179383, 0.08584820648490524]","[0.008822669961431051, 0.00924940793306171, 0.010203169135747477, 0.010408512722224128, 0.011510510272179461]","[0.1335374597228876, 0.15425381423214987, 0.14890076612033096, 0.08949113925791868, 0.09324559107370035]","[0.011142332975155746, 0.014266826682826458, 0.015971319502960844, 0.017935918359104037, 0.020167202162229732]","[0.11973446142705355, 0.23669038903388298, 0.39100805267341765, 0.45948292037428856, 0.4623621534487626]","[0.017469983808003936, 0.012975988035062705, 0.013680580111317881, 0.014149264183631475, 0.01594026068219251]","[0.5820943363630489, 0.5930096247062691, 0.5986075670592, 0.6120378084932518, 0.6245284912433557]","[0.006561441326134428, 0.007264911874950512, 0.007468744862426018, 0.007739847502844709, 0.008500479618780778]","[0.11870445280503807, 0.10649703090320511, 0.13613672174954944, 0.13114812284724897, 0.14771041101999716]","[0.007730354811273814, 0.009049930329482904, 0.00951467281978004, 0.010019622394468984, 0.009307005136529094]","[0.13960953869753742, 0.15493306936847906, 0.1597834234482686, 0.10874931545463207, 0.12353318756688929]"
25,"[0.005841983903999509, 0.007057701988935731, 0.007627227938535654, 0.008136060656386352, 0.008692821030617979]","[0.06271992938663733, 0.06900932587616898, 0.08652653765926378, 0.08288572424934297, 0.08567262339508325]","[0.008780454624048925, 0.0099133836703449, 0.010111602833708738, 0.010163640670769207, 0.011078113852231059]","[0.13833809025672006, 0.15725002484863063, 0.13011335523383594, 0.08715088896408325, 0.09273886550445148]","[0.011052899243541857, 0.013883164253710069, 0.015487877503793475, 0.017186166804176665, 0.019180193264893605]","[0.11276494112979303, 0.22458121505768158, 0.40495454292308586, 0.4584487503004074, 0.4661278042216811]","[0.01500287471328573, 0.011662270931358772, 0.012354446974734241, 0.012770488964102667, 0.014504598742371607]","[0.5918175654542154, 0.6025959476091309, 0.6045238606218859, 0.615180889897277, 0.6256748649128081]","[0.006814810885368933, 0.007164205951736381, 0.007990154814240891, 0.00806539376089309, 0.008884045811266113]","[0.1400300187265218, 0.12910844168081043, 0.15736777815894828, 0.14930397854142458, 0.16035732483075477]","[0.008385508042428536, 0.008083972681499223, 0.008831989983826706, 0.007942831753469486, 0.008365217258094193]","[0.13686765034642434, 0.15804988948650733, 0.14702873393555174, 0.1382353015929314, 0.14002499874284902]"
26,"[0.010001589740756704, 0.011830010972756674, 0.013637019828879823, 0.017875759406192914, 0.023357046879954428]","[0.058421345676494894, 0.07264845913123469, 0.08288958212628011, 0.07769721405300324, 0.08352679564539696]","[0.008669246667320567, 0.009980210252485449, 0.011427878862569869, 0.011446029594707387, 0.011954345961760742]","[0.13893236510436732, 0.15877597396523443, 0.14875422296035418, 0.08661646786388869, 0.09170818166075291]","[0.010970166082884964, 0.013535900005517774, 0.015291852994184283, 0.0168390943823587, 0.018892810239117565]","[0.12335881245960181, 0.25433102146338865, 0.39739155204394555, 0.4376449212988268, 0.45406397921560576]","[0.013241756981117521, 0.011559540028110386, 0.012394291455539795, 0.012459171090952985, 0.013950202261707567]","[0.5887386415543728, 0.5864124641330589, 0.573679201094066, 0.5796499577732676, 0.5955050995466239]","[0.006282447226995058, 0.006622989545225025, 0.0074658876431553094, 0.007812718270876484, 0.008091048865318057]","[0.12683167735375867, 0.11947623259144637, 0.1543350308583617, 0.14014935113121443, 0.15051002321481072]","[0.011004035485204317, 0.012161829206691338, 0.011502149644410445, 0.013047620485394835, 0.013101604435087259]","[0.14848448102431316, 0.16483705862149928, 0.16361953490413222, 0.12198604543894584, 0.12396583278920471]"
27,"[0.0056696530962936755, 0.006668382518654671, 0.007326402201047526, 0.007905000521452571, 0.00835605958734273]","[0.06161580969142869, 0.073115423115685, 0.08265077578968628, 0.08392119867363004, 0.08451648331380061]","[0.0076558017932311425, 0.008770270072651121, 0.009493116132212966, 0.010658219259386275, 0.010665920909982158]","[0.13773893440560595, 0.15896202759228886, 0.16841851317727832, 0.08734533644348118, 0.0907775082139343]","[0.011477874867686557, 0.01340305971123179, 0.014938309708676918, 0.016847635005561953, 0.019170241769629354]","[0.1151057161815594, 0.3126205752419977, 0.42100762073589465, 0.43548549692975563, 0.44121631945501255]","[0.01468932602216539, 0.015001913897617243, 0.017802663546269457, 0.021321139711202086, 0.024331398242829906]","[0.5597420662001351, 0.6031091097432829, 0.6469653822582742, 0.6712694256784745, 0.6825034618142175]","[0.006268337736307679, 0.006671611524665767, 0.007183322450110019, 0.007476164841130483, 0.007842666306250457]","[0.12701727223254528, 0.11342753285708836, 0.15843519995257602, 0.12321301434000331, 0.12389665639781852]","[0.007111379538591816, 0.007277008532767768, 0.007469315294904622, 0.0069169719494533745, 0.007547907343483455]","[0.0999835308503569, 0.12678790678320243, 0.15129135376269354, 0.1456213987605788, 0.14985914093773475]"
28,"[0.005991872226708703, 0.006575017992546848, 0.00726570729369982, 0.007788375298327641, 0.008329757584915607]","[0.059876364183201046, 0.07602967128500629, 0.08145736881865873, 0.08192504201471536, 0.08591070482788987]","[0.007320193978494628, 0.008003704234410196, 0.008760714303042915, 0.009400432539098115, 0.010121783517206159]","[0.14010171373372643, 0.15328155400613694, 0.17448645095710882, 0.08104803381587301, 0.08468315354207194]","[0.010658677964075616, 0.013495344716952757, 0.01496380199477716, 0.016651870548754492, 0.018957710529919562]","[0.10694571259040252, 0.29785476466457633, 0.38421867128434334, 0.40550255076672614, 0.41530681659660673]","[0.01287720487788909, 0.011162757618125432, 0.012830718867760188, 0.014700067733991486, 0.013434756601601297]","[0.5515913732865599, 0.581041123345454, 0.5599527717993501, 0.571935277923845, 0.5800110735529438]","[0.006584375634551293, 0.0067371756841432704, 0.007276886211154728, 0.007563210926343515, 0.007845800261678611]","[0.09545580176185212, 0.09822147964522036, 0.15147479959805504, 0.1097427681617051, 0.13190695138318118]","[0.007194230897534372, 0.007108209005795431, 0.007489853780323022, 0.007555787417084265, 0.008086403273418776]","[0.11072299648952956, 0.14350444936019027, 0.1517142941205361, 0.148631089528523, 0.14275485605905028]"
29,"[0.009867335118226633, 0.011134261982295566, 0.012729864722848152, 0.017162581702372948, 0.015708436641525513]","[0.06046131657162511, 0.07700811040388424, 0.07186898922350915, 0.08822202103416327, 0.08640214415115033]","[0.007043401221215206, 0.007710958738301794, 0.008565244704305947, 0.00913774828547027, 0.009819709904008364]","[0.13739683041099363, 0.1457777823919845, 0.16858921219365028, 0.08170731483321042, 0.08664130688286288]","[0.0114202538684784, 0.013249408390901126, 0.014660171112363335, 0.016022525080183925, 0.017717677932252995]","[0.10798646764203115, 0.25907094755391624, 0.36550410044320075, 0.40162255186699025, 0.4022207009888628]","[0.01507690275073353, 0.015228587182160871, 0.019190424684143306, 0.022503079941704897, 0.026732197726677877]","[0.5282286961178588, 0.5880279398306401, 0.6109109834727989, 0.632740381813468, 0.6537927393028871]","[0.00637837139541281, 0.006632331896253842, 0.0071352847071435846, 0.007535240451982954, 0.008587297524635643]","[0.08262907734881313, 0.0841473323531683, 0.16022797760133425, 0.11094630342697194, 0.12811478747585647]","[0.007876131953808615, 0.008143326037817485, 0.009249620138821784, 0.009322174750461107, 0.00968072756519385]","[0.1223151085066567, 0.14248262984094542, 0.15422686731861884, 0.15786062543106819, 0.15305365991011488]"
