,LSTM Train MINMAX RMSE,LSTM Test MINMAX RMSE,ED-LSTM Train MINMAX RMSE,ED-LSTM Test MINMAX RMSE,BD-LSTM Train MINMAX RMSE,BD-LSTM Test MINMAX RMSE,CNN Train MINMAX RMSE,CNN Test MINMAX RMSE,Covn-LSTM Train MINMAX RMSE,Covn-LSTM Test MINMAX RMSE,Transformer Train MINMAX RMSE,Transformer Test MINMAX RMSE
0,"[0.02224889901398121, 0.02782794345861533, 0.03219909586019264, 0.03677678511601842, 0.03964846712098181]","[0.025213488134801895, 0.03146476747380807, 0.036620151877648215, 0.04193573867916868, 0.04525180470428201]","[0.022532669682127294, 0.026328478365736444, 0.02926990791589602, 0.03185276197238678, 0.034157005861556344]","[0.0242227257296074, 0.029000590765538074, 0.03332955271588917, 0.03733036472028884, 0.0410744916440712]","[0.0216568619810852, 0.026765365876913284, 0.03284252704233026, 0.03591363984385817, 0.035914592283348895]","[0.022861706604156526, 0.02884820230057041, 0.035691049129705395, 0.04010909640381346, 0.041673627743508454]","[0.024893849218784538, 0.029022717767355988, 0.03179158345991306, 0.03315404622832313, 0.036843542148579024]","[0.028739655238192673, 0.03592934101636556, 0.03900090197020025, 0.04269053017551972, 0.046543206703618424]","[0.013058696365017068, 0.02008573779960933, 0.025791011152141212, 0.02861751903600898, 0.03200611770389853]","[0.018349019217096467, 0.023566457775601807, 0.030157897035554167, 0.034315249698296274, 0.038763923915224284]","[0.05992623230827738, 0.05890949298615157, 0.06152169962993674, 0.06586916717939624, 0.0712090457083833]","[0.0775599184591483, 0.07658308241349679, 0.07865122447625686, 0.08291937030259355, 0.08956458297209315]"
1,"[0.016345264171675405, 0.023463032453119502, 0.02749627909852052, 0.03346836936934875, 0.03620583987219352]","[0.02067845425159994, 0.027913112432415677, 0.03257935251076689, 0.03865262171152634, 0.04310155943831304]","[0.018539850173419584, 0.024795067488708546, 0.027223779313255127, 0.029969792504929618, 0.032285717464014915]","[0.020694771360944355, 0.027227569307273086, 0.031227429728040386, 0.035405548842319515, 0.03936007974377632]","[0.016413293785088323, 0.022472718486022263, 0.028000151903812262, 0.03107913011170501, 0.03337007808214621]","[0.01893171766520257, 0.025337640549916565, 0.03170582683679972, 0.03620943310251615, 0.039934378087049915]","[0.023784375376405993, 0.029237413664146505, 0.029877845145966305, 0.03294584735537539, 0.03648476448658476]","[0.03149582084214287, 0.037786585408735356, 0.040186290503321495, 0.04482842249262221, 0.047438747191207435]","[0.013425690836241008, 0.018838310458485497, 0.024579338901455725, 0.03060493692771499, 0.03300126348295819]","[0.018696907733857085, 0.02346810253055528, 0.030545348268759636, 0.037604099499604055, 0.0420645229611114]","[0.02121095388416867, 0.02737047082382492, 0.03248767174048299, 0.032615319229253516, 0.032730932999981685]","[0.042529201260816066, 0.047754752316562586, 0.05322575396844882, 0.054731322516565, 0.054637534690478606]"
2,"[0.01547085744253523, 0.0239399164973947, 0.027859008306319922, 0.03386295456038109, 0.03597562291546638]","[0.020890703325839765, 0.030077033503850204, 0.034204595891199785, 0.04101420261112573, 0.044247825832516]","[0.015408762842994705, 0.02329946577368398, 0.026095411822110122, 0.02885824109056097, 0.031150329904400125]","[0.019591924075818976, 0.027156738620625797, 0.031179706748241116, 0.03519094548121314, 0.03911836945812542]","[0.01436958449122362, 0.020630008770649865, 0.026286848621180352, 0.029881496946504667, 0.03193586075292781]","[0.01840988117169715, 0.024624945099712716, 0.030836227189433494, 0.03535969906989615, 0.03954908289120961]","[0.02510267142673873, 0.028999428667827717, 0.030288341090728053, 0.033904151577068706, 0.036680284284830965]","[0.03312806137042444, 0.0385840868951065, 0.04163881561735062, 0.04583886174734995, 0.04869423084673187]","[0.01832476893621026, 0.022819055152308393, 0.026667045095445395, 0.02853415985136666, 0.031251561176051885]","[0.02400977793645725, 0.028150440935768538, 0.03285179939060881, 0.03584228307257859, 0.039523564636155424]","[0.02575201488393702, 0.031565750742853324, 0.03604035130964286, 0.03690888462371511, 0.039540173485960006]","[0.04039283839836038, 0.046976349916997326, 0.053012313461512264, 0.05660569768908523, 0.0636576414900108]"
3,"[0.016027946572039528, 0.02520112044887967, 0.029083712865018103, 0.034423826720142395, 0.03569190054682256]","[0.022046282680510936, 0.03223288998304232, 0.0362690996801158, 0.04238072102480549, 0.04439348063230438]","[0.015205215817166827, 0.02234532944608756, 0.026149677047340017, 0.028722337567718935, 0.031015168637713954]","[0.019875935847730175, 0.026675629133383585, 0.03141510585579476, 0.03517939231567246, 0.03908983008380207]","[0.013367570085083508, 0.019796668231733063, 0.025226610082154825, 0.02904754292312055, 0.031117652479828107]","[0.017819226730241878, 0.024155638853086338, 0.030438549474685415, 0.03512656328305051, 0.039003092663119805]","[0.028205458079174902, 0.0330701236319136, 0.03491825592176724, 0.03912970424328466, 0.041122691018633306]","[0.03733492022022457, 0.04400781465311686, 0.04490460438142332, 0.049189095746676056, 0.0521629981041539]","[0.018200200883601168, 0.022154766217675117, 0.027900086877122032, 0.030440890488562206, 0.03314509486835972]","[0.02603634150818979, 0.02937654065355389, 0.03555527587575374, 0.03938026451809172, 0.042289707879335815]","[0.022241001131603877, 0.02701120830558123, 0.03561085209657412, 0.041996862127398, 0.047237380574597664]","[0.029181281421992163, 0.03686730823379988, 0.04875276199292636, 0.06287145269575227, 0.06710585534122462]"
4,"[0.017740336419778846, 0.0285353224966441, 0.03262432640791604, 0.038484115616472345, 0.03934188421295801]","[0.02464377278437085, 0.03659211154621315, 0.04062489315342829, 0.047027194028968676, 0.04834007555592241]","[0.015048415025703175, 0.021278171942573882, 0.026248076784380913, 0.02862768263430675, 0.03095327071115166]","[0.020218447874203026, 0.026194805007617405, 0.031745480729941794, 0.03528012141525108, 0.039187288310349074]","[0.01311209487715148, 0.01945166371019918, 0.024765188639332112, 0.02878680003652483, 0.03073812813155366]","[0.017713452821119257, 0.02389750753409324, 0.030084665251857934, 0.03516207610055094, 0.03874927266090943]","[0.032189496677717644, 0.03847437996252861, 0.039651494427060265, 0.044714248578526364, 0.0471539697758893]","[0.04213105569659918, 0.04928329388913959, 0.04997466243376368, 0.05584821418017262, 0.05826610352952535]","[0.020450596679450067, 0.023929345925783208, 0.029186338367684795, 0.031587840103204916, 0.03364034576240181]","[0.029219875671084534, 0.031865788952718854, 0.0375101082359709, 0.0401533623184309, 0.04276546419110041]","[0.03387516147981308, 0.03986910899423401, 0.04424345643766172, 0.049216182812910333, 0.059133262000532094]","[0.04406140882780941, 0.0515256525353147, 0.055580606148865036, 0.06448521671355698, 0.07572848988218331]"
5,"[0.01634441377192408, 0.026127085144993276, 0.03067218330480812, 0.03624870912667803, 0.03739793824395081]","[0.02395568174756129, 0.03497149183655451, 0.03966488884660752, 0.045824301142573375, 0.047483385303861564]","[0.015030959102568442, 0.021319645619039842, 0.026792039702718977, 0.029049774056158998, 0.03132645608465234]","[0.020588605834414866, 0.02654347287151655, 0.03240073265147858, 0.035716574164997565, 0.039531255695542264]","[0.013086781119740324, 0.0193874902060023, 0.024658327801730065, 0.028871527361958884, 0.03082274707242244]","[0.017749027037017483, 0.023876929394427347, 0.030025941881375695, 0.0352693555145918, 0.03880238149950619]","[0.03548995449585858, 0.040449282653469656, 0.04067528930246994, 0.0445603457144792, 0.04791211414616367]","[0.04547488909399399, 0.05342912440258066, 0.053906064566223814, 0.060633942120308294, 0.06318015323650884]","[0.024801557114230006, 0.029421347219855034, 0.03534922532669089, 0.04034523381340263, 0.042310822837335844]","[0.03422061565503406, 0.03807922574642378, 0.04419616824750417, 0.049218639440841185, 0.05073684832628656]","[0.021156762038418746, 0.026489197549000087, 0.03871287188164391, 0.03807804923029167, 0.04546038028945789]","[0.03516916737128169, 0.04085599594355098, 0.05409854682052738, 0.06436360643718703, 0.06958570324972115]"
6,"[0.015022056361614503, 0.023994502171929836, 0.02889630970372581, 0.03404878829331972, 0.035560591299602505]","[0.022874850330349694, 0.03317636657708781, 0.03856204081477302, 0.04438480077367573, 0.04669071643906563]","[0.015860927381186996, 0.022104822057540486, 0.027819968148956795, 0.029979878790300736, 0.03218449351773896]","[0.02165381921598572, 0.02759019341068692, 0.033532743227025624, 0.036643822209081925, 0.040306374177867]","[0.013189785022557143, 0.01964385672240353, 0.02490284479601731, 0.029325788165560664, 0.03106496149951469]","[0.017886301460943586, 0.02413205416255434, 0.03026606951583079, 0.03563594539465913, 0.03896737925578019]","[0.027198186630647637, 0.03040869780200418, 0.03308079208685085, 0.036778964760356046, 0.040529417363645404]","[0.03709160658461203, 0.04657810099399273, 0.048706923924588266, 0.05407881877828465, 0.060690596688848915]","[0.017133482614541295, 0.02250487967451554, 0.027449686982251364, 0.032819110414666154, 0.035660501079316946]","[0.025339014125076036, 0.03035097338721063, 0.03567262191862373, 0.04222600558688131, 0.04412814026536651]","[0.020325111353208594, 0.02777928615895855, 0.03546388690313062, 0.03657251466976685, 0.04356489655368959]","[0.03713884421665504, 0.04490196298457477, 0.05377927411254961, 0.056383907004132545, 0.0625154576227398]"
7,"[0.016996211338177483, 0.02812250145932105, 0.03382574549286749, 0.039857000106882534, 0.03989415667522423]","[0.02443223172583924, 0.037215635889685655, 0.04359211063779096, 0.05014116600996258, 0.05277755752180548]","[0.016162518715015752, 0.022642187538842822, 0.028642023697228004, 0.030789571482124165, 0.03292185631267433]","[0.022167442062849364, 0.028414901807365656, 0.03452333537676252, 0.037526256484774034, 0.04105018753515295]","[0.013015653236272415, 0.019488594257729457, 0.02461676418446584, 0.029223338685789076, 0.030987240295170596]","[0.017830689408616967, 0.02407470353932257, 0.030102150301777725, 0.03560364618308498, 0.038921161183748755]","[0.031576238492102005, 0.03565144441375137, 0.039708995403484125, 0.04170557313795546, 0.039316827331000545]","[0.044142068586408914, 0.05324009180427133, 0.05290121335177098, 0.057049297320806776, 0.06618015420426221]","[0.017581961594183668, 0.02233339579969782, 0.029134038618509724, 0.031644958947855996, 0.03368276224410021]","[0.02767504329252962, 0.03139559244063481, 0.04043362960852959, 0.04166558189901247, 0.04491956942731386]","[0.017970305208710104, 0.0247249394869496, 0.033922481501450226, 0.035394280345435424, 0.03797648846427698]","[0.02696236747100075, 0.0347100656919029, 0.04320865645216832, 0.052410145148844386, 0.055807348058215175]"
8,"[0.016086449762571196, 0.026845593051767206, 0.032642766167053194, 0.03869925097521331, 0.03639284717786175]","[0.023671119357675307, 0.03657720824181572, 0.04348691260152434, 0.050283293722216724, 0.0529808253418756]","[0.015101775793120775, 0.022117550184704567, 0.028364672541777342, 0.030616809939711394, 0.03272676557398121]","[0.021132001491975767, 0.02799521774003451, 0.03438188799268945, 0.03744889830674256, 0.040969463551360844]","[0.013154033000244272, 0.01955429313686481, 0.024556757944443154, 0.029335424998398005, 0.031137375710087914]","[0.017999124187886517, 0.024219502872673312, 0.03015100727741094, 0.03576115808699585, 0.03903505401600275]","[0.028536809438907764, 0.032307945860409394, 0.03403030829940779, 0.034495834806215556, 0.03736474842189489]","[0.04271982604312837, 0.050904959863221855, 0.05089372444653223, 0.0581533199497247, 0.060440173724351585]","[0.01749535692766829, 0.022704103385957266, 0.027852039162977002, 0.030587162683451, 0.0343770144933424]","[0.026360529028362303, 0.031621376529859684, 0.03827473190669543, 0.04056610058794735, 0.04580731980404706]","[0.012349613946146894, 0.02278563976685695, 0.03198567673428707, 0.03482929643929389, 0.03910019878313726]","[0.024152802448058747, 0.036732006979031895, 0.04426828989585177, 0.05145679370386507, 0.05649696629588353]"
9,"[0.015221171589826579, 0.026405742015502904, 0.033185577100272354, 0.03981271003736945, 0.036025923190267345]","[0.02223453849493846, 0.03610454632161802, 0.04469325808720023, 0.0524545278421435, 0.054415464654794875]","[0.01550650305272724, 0.022286371736514758, 0.02851509261612886, 0.0308421091392226, 0.03292442426103829]","[0.02167775668939705, 0.028504891956597857, 0.034972179766560495, 0.03805425013182253, 0.04150971202836681]","[0.013157194841951846, 0.019535683170667523, 0.024562961934645994, 0.029382887772051787, 0.031232327819480793]","[0.018066268453424947, 0.02425142693799766, 0.030203532666761984, 0.035827843504737694, 0.03910944861102896]","[0.03360760408191875, 0.040301214134217264, 0.04055531355558394, 0.03451728554775939, 0.03270175413255425]","[0.04495004237581868, 0.0520874403791767, 0.051192724400292725, 0.056684592308488276, 0.06458420641793744]","[0.01466456683971301, 0.023134956890466376, 0.032964730590802314, 0.036179210456795126, 0.03857847794982201]","[0.022320104040026052, 0.033287109437264636, 0.0461597608871547, 0.04919150559067229, 0.05432070550284651]","[0.025086895056891677, 0.028801176971815834, 0.03180909300705519, 0.03473625887474402, 0.04001286625345015]","[0.03654498198771735, 0.04057029923535204, 0.04512466202970084, 0.050037014480848616, 0.05404063012256836]"
10,"[0.014934248884406654, 0.02699573009986135, 0.03462044517938933, 0.042158812989481625, 0.03799506767453292]","[0.02075044022846325, 0.03596412705891965, 0.04651310251661834, 0.05636037980521049, 0.05900674430959153]","[0.01414723618042989, 0.02138498167654946, 0.027289564190881414, 0.029812347675649827, 0.031959586561091075]","[0.020791177486058226, 0.028604494411867114, 0.03464505604288686, 0.037862161772738406, 0.041393194145175435]","[0.01336202620157035, 0.01980906458956949, 0.024867583037625225, 0.029811125824350772, 0.031625850153101334]","[0.018269939987614763, 0.024524612255891243, 0.030505579289202164, 0.03622262514744006, 0.039415195323611825]","[0.02761747482529184, 0.033838200981230096, 0.03631801604547284, 0.03535176608517109, 0.033938887626654535]","[0.03706203533549963, 0.045251351754620917, 0.04679428667140483, 0.05178615038232541, 0.06030280787291614]","[0.012190993061554124, 0.019367200383593488, 0.02792308138300867, 0.030383831806060153, 0.030399684048239613]","[0.02024908231771198, 0.02759149758547685, 0.03877388685440452, 0.04706013691026239, 0.04806401281756596]","[0.013775124746315303, 0.01783339941659511, 0.021047652644169114, 0.025234523944198648, 0.028325351212408686]","[0.029481940822094023, 0.03283316265298343, 0.03712220673191064, 0.041662397786769806, 0.04619993460607411]"
11,"[0.014474625630886938, 0.02659671158894262, 0.03412987665579042, 0.041295542382440056, 0.036221623866840254]","[0.020525906775531528, 0.0361589475596885, 0.048385988338354766, 0.05871734526476768, 0.05906307841832183]","[0.014708245110939542, 0.02259404032398039, 0.028268949171805908, 0.030787421913309135, 0.032851516501180233]","[0.021382882188317142, 0.03025313028065002, 0.03598716025907007, 0.03908520977544337, 0.04245804812294566]","[0.01325465194898198, 0.019671049925104944, 0.024737714057363126, 0.029653806321115007, 0.031626783778102664]","[0.018235388374455583, 0.024460175550653187, 0.030450904791807107, 0.036146305036447106, 0.03945015535648035]","[0.027660124042276343, 0.03387230216995162, 0.036507696546676016, 0.03323144728909511, 0.03251042464492486]","[0.03791851368883342, 0.04505901730228319, 0.04677409488413027, 0.053525013459536336, 0.06212842814669818]","[0.012783646742479527, 0.01927424564511071, 0.029643785678461425, 0.03260395924978869, 0.03384805303400157]","[0.02401570723032568, 0.026633664790826964, 0.03764909130666688, 0.055641667590714976, 0.061650826396715964]","[0.016310106647004892, 0.02300382558891919, 0.03063472716579533, 0.035597213710428316, 0.03642851528626888]","[0.030796342178080673, 0.038584870484099164, 0.04265473352174076, 0.0474694591979776, 0.055036891358498805]"
12,"[0.013070880317202226, 0.025079485957200488, 0.03309876741942567, 0.03948464482691213, 0.03479690600885907]","[0.018905368208076447, 0.0349814720071363, 0.047412605567667555, 0.05898647797665899, 0.057188970537949815]","[0.015196841431485452, 0.023552536533331076, 0.02910122144286984, 0.03161974123643616, 0.033621314518787214]","[0.021913419808411102, 0.03149365286396723, 0.03706909119146508, 0.04009831079149787, 0.043348062017196716]","[0.013334371109769707, 0.01993799996745263, 0.0250313442069083, 0.02992938142429947, 0.03182916795997901]","[0.01833745709559912, 0.024724585034488218, 0.03073891606436929, 0.03642442548894702, 0.039632335486207045]","[0.025305479108022725, 0.0318259762994495, 0.034393595733054415, 0.029541288582607732, 0.02939954852491886]","[0.03581113634156461, 0.04369125810355726, 0.045215547054330764, 0.05276000221726741, 0.060147018115017686]","[0.01080756439044239, 0.018257550034301264, 0.028292993108282063, 0.029637675114114307, 0.030071847535004914]","[0.020466292453336875, 0.026443079175156745, 0.038204595366026946, 0.046272037416918765, 0.04838023212819846]","[0.01256047908908606, 0.019702146771808926, 0.023704780136678563, 0.02919215888043692, 0.031461269804755394]","[0.02886896320289324, 0.035226514137417904, 0.04046816848474391, 0.04627128997298583, 0.051653537690267974]"
13,"[0.012677344001683983, 0.024733519542190094, 0.03216458053071574, 0.03743563022969964, 0.03317869432012311]","[0.018799296996870843, 0.035533197588727264, 0.04820149612444113, 0.05917526041978364, 0.05556269391386636]","[0.015791429481335672, 0.024387890499819907, 0.030031170717710026, 0.03250924444845692, 0.03445692178936823]","[0.02269275091669934, 0.032465303164534255, 0.03812081007755985, 0.04105696422069955, 0.044194731227727956]","[0.01323182498280134, 0.019997790478487206, 0.02516929275363964, 0.030176123336342328, 0.03217467274277069]","[0.018298391782878797, 0.02481796440451387, 0.030892084830517492, 0.036677651861367566, 0.039939143937619555]","[0.03127352556036732, 0.038390645340452056, 0.04023743322867811, 0.03388321806367277, 0.033179144795965905]","[0.0434743963265041, 0.05187961533147559, 0.052320322683761834, 0.0588775308236879, 0.06552544929902153]","[0.012615215060120831, 0.02171116629428222, 0.029331681070567647, 0.031856610555533245, 0.032367496159847395]","[0.02156666726763852, 0.031236180741189966, 0.043089008525712215, 0.044826928307408274, 0.04456510700232709]","[0.01912075822268867, 0.028574155149113517, 0.04029613635628397, 0.04239534953756112, 0.04032620682596788]","[0.03795772440621623, 0.05008274367882224, 0.05776431794160168, 0.06149045770357836, 0.06864426585782854]"
14,"[0.012003714588611526, 0.02285768909051727, 0.03195433910134526, 0.03571752545355364, 0.03241508798794126]","[0.018296633048503635, 0.034494930209906315, 0.04700940089359679, 0.057787906855129724, 0.0553879919819803]","[0.01699511250527751, 0.025820683170947316, 0.031676592249387195, 0.03404652039306702, 0.03590747267478333]","[0.024377187748839513, 0.034249259247343525, 0.04009641895273268, 0.04285008011519751, 0.04579025627610196]","[0.013244655496627943, 0.020187761055912332, 0.02542086267657516, 0.030510560622718536, 0.032510819925897834]","[0.018349220304798138, 0.02501314278311601, 0.031133759247864018, 0.03699782947832454, 0.04024509649768142]","[0.034317881066784905, 0.03992046600598791, 0.04124121282590077, 0.03583620393815791, 0.03310761535338836]","[0.045582573994818285, 0.05240158211395641, 0.05227827143559209, 0.05815327068390277, 0.06873394223787976]","[0.012499962873091615, 0.021260995034693468, 0.026002201542516246, 0.028976144552696776, 0.03020444527036393]","[0.02116495515381352, 0.03012443468872488, 0.03687538990149584, 0.04075800729179256, 0.0439981429683817]","[0.015550074165151796, 0.022904365839364792, 0.025506408958562366, 0.03144096495302558, 0.03521490443438233]","[0.02597982078859198, 0.033147444746181066, 0.03847788374012121, 0.0438752232556327, 0.04820349752648603]"
15,"[0.012633055495509126, 0.023260847957438935, 0.03288153200679982, 0.03804221620830033, 0.03570679421120788]","[0.018835446297561804, 0.034559328526542865, 0.045147968801639765, 0.05484785749178171, 0.05235768673459711]","[0.019202493950674714, 0.028678339452973014, 0.03471061625660377, 0.03690166078253313, 0.03862058671354594]","[0.027494493008276697, 0.038107403586081626, 0.043983980545622595, 0.04638184760554578, 0.04897542631242738]","[0.013165323066446301, 0.020179950737102235, 0.025533744985618553, 0.03078509779071287, 0.032877598973281325]","[0.018326325915378187, 0.02508576780342711, 0.03131935964802173, 0.037330932118233094, 0.04061505708338]","[0.02958076745902466, 0.035017260694650505, 0.03813393833671077, 0.03171601459927553, 0.030105812357578667]","[0.04065507046859692, 0.04714801053175584, 0.048969328186281774, 0.05660231721563957, 0.06643420997566728]","[0.014772879643638296, 0.01891989717834686, 0.02334435812157654, 0.026389639273377292, 0.030594561119456534]","[0.024023089985820697, 0.030815726763710364, 0.03831292051765859, 0.04147956871603463, 0.046175605302196714]","[0.05208843297480553, 0.05532888277351461, 0.05866656291189943, 0.060279480568944104, 0.06246361674204151]","[0.05626129271552253, 0.06046725087067645, 0.06410124288273009, 0.06638918227788948, 0.0673222772634577]"
16,"[0.011859596917915313, 0.02186323161298663, 0.031924477528879135, 0.03499369263827008, 0.03375318582711551]","[0.019206085913915386, 0.03390181981787861, 0.04612386820520447, 0.055569152001119115, 0.05437125138036512]","[0.016760901727593196, 0.02598120135546832, 0.0318495025037033, 0.03424256462358324, 0.036123740721845474]","[0.026099723602866384, 0.036956528723175036, 0.042698078002082335, 0.04526775884559125, 0.04802187138269995]","[0.013137226675456621, 0.02026890051361773, 0.025553775711811527, 0.03067628576133816, 0.032801777835248916]","[0.018334344724513365, 0.02521427260254875, 0.0314069680834591, 0.03731749560491177, 0.040640191459636765]","[0.031227876610633414, 0.03708293254865564, 0.040789151750068815, 0.03453935661576083, 0.03219847874580081]","[0.04306725832165876, 0.048841078509342044, 0.052513030874747395, 0.06193996808634857, 0.07159121519200563]","[0.01222671136104606, 0.016491729197402577, 0.01999378607805474, 0.02212745465415121, 0.02497953909052276]","[0.023591007789788485, 0.02998467433998927, 0.036704948984948714, 0.03918588777409699, 0.043283372914004234]","[0.029155869466175453, 0.03581972379631809, 0.03609978680978175, 0.03857116959185728, 0.04076038984028061]","[0.04215096309180436, 0.04644930420761266, 0.04855253656956431, 0.051492887933857805, 0.05517333085401366]"
17,"[0.011512340195186049, 0.019765651939878188, 0.02996992665481322, 0.0350488035948913, 0.03474117534920056]","[0.01889278797656835, 0.03180945262518838, 0.04476859798569761, 0.05343202559075922, 0.053505852081684686]","[0.01953901430021352, 0.02933324815018522, 0.03518978521628168, 0.03738578827167262, 0.03909224801564709]","[0.029480760419362432, 0.04067869181323438, 0.04635188780758782, 0.04859603456349605, 0.0510129343263812]","[0.01326162516157378, 0.02049107038447195, 0.025917713370708657, 0.03113772507662708, 0.03323578461215776]","[0.018472464994042606, 0.025490122665792845, 0.031824792136074996, 0.037813364103152884, 0.04109454242820126]","[0.02474005267390229, 0.030001481295498515, 0.03269003825401232, 0.0282568425354486, 0.029369380655618234]","[0.034884889067026616, 0.042743963700759675, 0.04443168537863051, 0.049781282176234384, 0.05829330192486487]","[0.010999827643077888, 0.015229223063580108, 0.019053770374282596, 0.023271483348650077, 0.024899948972324393]","[0.023454081262729895, 0.030942811653378255, 0.039987907785113276, 0.04237093895196734, 0.04701279020685252]","[0.030025154724421927, 0.038706320926852486, 0.04849531956048775, 0.0564213120343918, 0.059949714391435524]","[0.04615834693203928, 0.05435585617722124, 0.0654331877151477, 0.07343075731831224, 0.07944370783121922]"
18,"[0.011499995420625946, 0.01790492584793923, 0.027343411592755766, 0.03268832037957666, 0.03185575304904662]","[0.01967077370226237, 0.029918546813022674, 0.042407027597988166, 0.051821557867967355, 0.05328463645660805]","[0.017324337771294534, 0.02783896251851931, 0.033649078727955466, 0.03590089100485168, 0.037668270932077474]","[0.027319537432637576, 0.039724014232272425, 0.04533574824746876, 0.04768782590467238, 0.050193050682261715]","[0.013296076560764447, 0.020736465673244234, 0.026212778718177444, 0.031430434233763314, 0.03348526079307706]","[0.0185651156497418, 0.02581749229697885, 0.03222036761455536, 0.03819843065463606, 0.04144724770987286]","[0.027103843643149054, 0.03382678317875123, 0.036580054896627835, 0.03168663585822084, 0.029717714394334876]","[0.03697687802365231, 0.04450979164806237, 0.048088414095518124, 0.05422110857502983, 0.06475907953012179]","[0.011855714644055746, 0.015732973620889792, 0.01790290475398513, 0.02196784834380786, 0.026759876729403758]","[0.024683139475611487, 0.03305608943670526, 0.04234391928265669, 0.04489842121979926, 0.04775584111341482]","[0.03385989565858666, 0.04288196508582406, 0.050098434414342974, 0.0541432703237302, 0.054337176727033316]","[0.04733667428590187, 0.05445105455400919, 0.06528735053149279, 0.07178133718787978, 0.07897339519005017]"
19,"[0.01542965629988073, 0.016650564832412684, 0.021487058705686422, 0.03077236566210994, 0.03313453103737459]","[0.020251987611752, 0.02583886972572082, 0.03611574889033697, 0.04558725113293461, 0.050059487390555664]","[0.019563272498588014, 0.03189410284153206, 0.03767638907162816, 0.0397585894183239, 0.04132435473413673]","[0.030597371511332627, 0.044524955359030324, 0.050075511551834595, 0.05206177819163076, 0.05417764991949829]","[0.012740372503959752, 0.01999676011189861, 0.025114257431212643, 0.030342129567767582, 0.03241976918425062]","[0.018179377523787663, 0.025303614825946213, 0.031451104372587024, 0.03746546844940623, 0.04082998993499551]","[0.02574755875393152, 0.02979087923816729, 0.03336989299623465, 0.02937487955765632, 0.02874869292072127]","[0.03632878223347698, 0.04199120418060023, 0.04513755425957094, 0.05296552155499781, 0.06298734848141338]","[0.021483653160145146, 0.03126653603674458, 0.03662083099041929, 0.037817581395920744, 0.052064591755004296]","[0.029894702551655945, 0.03573693342881132, 0.04974005261936717, 0.06308258700599031, 0.07149697969714017]","[0.03368042509855238, 0.0449652131257022, 0.05190592687991239, 0.05422083833869785, 0.06106032794053871]","[0.05344408923810776, 0.06490831442263365, 0.07034230488541399, 0.07558109574095684, 0.07873741344473018]"
20,"[0.012418236491604381, 0.015884655883229407, 0.022406299283912256, 0.03092668567043454, 0.03428682496453882]","[0.018931153576241082, 0.026737912903582274, 0.037292967146648856, 0.04635676296899746, 0.049936530125143534]","[0.017954639952176898, 0.03200722414038732, 0.03749243500565673, 0.03955038814601075, 0.041115073836682524]","[0.029688058765440006, 0.04570191703271275, 0.050955216737016834, 0.0528243619604961, 0.05488098445391546]","[0.012992047707959465, 0.02067222332631896, 0.026190655487841448, 0.03153770753118685, 0.03374927546427715]","[0.018515989251550357, 0.026098892581102894, 0.03261939501512782, 0.038668701804641936, 0.04215540283822618]","[0.023177285943129882, 0.02940624023312611, 0.032485083210639, 0.027242048569235715, 0.027897917131854244]","[0.033330528414614924, 0.03920191661265814, 0.04471099120748693, 0.050925711294259095, 0.062046403121076996]","[0.01446269431111712, 0.0217194099290901, 0.029686602817810038, 0.03441000346068047, 0.03533403318744036]","[0.02012240424701603, 0.030943679405408497, 0.04073355456829584, 0.044531984219532764, 0.04377157142496115]","[0.016002240057512346, 0.020463619384616827, 0.02792100154415664, 0.03556378521263244, 0.03937042868234457]","[0.03049068397397822, 0.03435339706199598, 0.04191696891668657, 0.05060494162063982, 0.054961257184757785]"
21,"[0.01144411555373052, 0.017298966015705547, 0.02742772356755621, 0.03527339996492326, 0.03184989069251622]","[0.021153612996142736, 0.03260610086504688, 0.04277088301810703, 0.05064995400114271, 0.05445054619245248]","[0.01778388026123014, 0.03204306006827182, 0.03748141029416661, 0.03950902583960551, 0.04105978572413835]","[0.030220182072518302, 0.04625243591368626, 0.05157967729755568, 0.05332212472498723, 0.05532278303362052]","[0.013265950111421437, 0.021332186304312925, 0.026787658616694944, 0.0322111793979633, 0.034490998773291336]","[0.018980218517592823, 0.02704644067311554, 0.033538199979590386, 0.03955828946649731, 0.04315242785149904]","[0.02681654123579929, 0.030503372935864418, 0.033705836961355685, 0.02913922320043658, 0.028485947945963416]","[0.03719051614716926, 0.04230756375999382, 0.04458274777030874, 0.05082168026644087, 0.06190228373456682]","[0.013463683480904378, 0.019447350324759995, 0.024215282163707056, 0.028953901260191962, 0.029401804278160897]","[0.023618088121921187, 0.031041858717584362, 0.03723250225536864, 0.04545938391355492, 0.048426023422247076]","[0.011655678463977182, 0.020250664989669813, 0.02851986818412065, 0.0393090235163643, 0.03990128911090496]","[0.026488474131818002, 0.03629699076615877, 0.04505705211401249, 0.06635321379941905, 0.0715467645026592]"
22,"[0.027183529370150276, 0.044304893624543894, 0.039605224251858, 0.02871918701399317, 0.027134697426695897]","[0.035385038571470406, 0.05945028482866715, 0.06403720272793809, 0.061280240837036024, 0.06475117235782882]","[0.016560995853579643, 0.030851232556358903, 0.03611361796067238, 0.03809990175631265, 0.039689062661658586]","[0.028498397945282465, 0.04503139146090259, 0.05042430128298764, 0.05208451985874745, 0.054159807919337104]","[0.013280575889522984, 0.02153993364100028, 0.026950264031668267, 0.03223930472167019, 0.03477993119092841]","[0.01931681496472127, 0.027747182045904005, 0.034218153811781414, 0.03996443793704006, 0.04390273315057522]","[0.02732923966246257, 0.031095179221294372, 0.03537130783741359, 0.029978365553936372, 0.027989344065735115]","[0.03859179345437039, 0.04405778719506339, 0.047395287151134974, 0.05502138546623345, 0.0647708300720147]","[0.01061180639338513, 0.016650778133702613, 0.018841536935611147, 0.022398177702823107, 0.024862366019793875]","[0.02355022675011861, 0.027539028610304, 0.03273563620092593, 0.038846627232207866, 0.043082564738013106]","[0.014579406404760383, 0.01964882682775266, 0.024803668552632125, 0.030794289511680218, 0.03881886514937011]","[0.028435956768602506, 0.033546915608166764, 0.041384540260368696, 0.047858085172422904, 0.05920738031358573]"
23,"[0.011818002417695999, 0.01709963451514942, 0.026682690774624783, 0.028096967177573363, 0.030645991539603224]","[0.02162982028770867, 0.03163322989827656, 0.03821062967897447, 0.044813310196020216, 0.04707825317572434]","[0.018870798112793137, 0.03478633119888757, 0.040018663929827634, 0.04189923665872745, 0.04333944305830723]","[0.03211034335470857, 0.04975400831997189, 0.05496796624460921, 0.05642785922066305, 0.05817594152829601]","[0.013099653310592154, 0.021385730469190387, 0.02683143907754256, 0.03188336052770985, 0.034566443472945046]","[0.019491622676786648, 0.028109437355190395, 0.03465516396847668, 0.040002847212213276, 0.044276783919753745]","[0.026764510376073698, 0.03262780595501953, 0.038348341475101584, 0.031801571073294795, 0.029936497434990605]","[0.0362999417828134, 0.045418086402436574, 0.04942309654444373, 0.054851013867237626, 0.0659746433475006]","[0.01114990356252898, 0.01784277198002755, 0.020384385197174556, 0.025470477730512944, 0.028038494694512545]","[0.024045354108014488, 0.028478515406001003, 0.03358432398648517, 0.04144595364826269, 0.04813506243159514]","[0.013059491718802028, 0.023459354015729704, 0.03398790459562311, 0.045094107772733254, 0.04454847851059947]","[0.029758540466444612, 0.03910291348884121, 0.04952446114431168, 0.05745434737621353, 0.06667607397063001]"
24,"[0.011602651591107993, 0.018393226672454344, 0.027399496419244225, 0.02562074724821275, 0.027253855476624365]","[0.022320602111877846, 0.03218874471483205, 0.03800199039024316, 0.04234357100370284, 0.046354766244292515]","[0.015014682582900252, 0.028829219332490625, 0.03394585334684265, 0.03603108531045303, 0.0376242043030641]","[0.02755991091512185, 0.043869928519671364, 0.04953189235877241, 0.051373711778827054, 0.05343420980319845]","[0.014230724697787798, 0.023228090140363325, 0.02882042910481918, 0.0336768289526126, 0.036715300469220356]","[0.021316144165494332, 0.030779608947174682, 0.037473415473720455, 0.04216253108803685, 0.047004854079156826]","[0.027243996002025272, 0.03254018787888092, 0.035949963171301134, 0.03149812635747728, 0.028734180196008555]","[0.03609824142502481, 0.041245570631890556, 0.04702021399592689, 0.056127179665738915, 0.06655652539412256]","[0.010720189474763815, 0.01703687990769782, 0.022986272737501454, 0.025305813209300507, 0.027483979544906684]","[0.02280723892860617, 0.028862980630864624, 0.034949253285767604, 0.04072771663717206, 0.04271291329020926]","[0.01362188124353338, 0.022576134663316334, 0.03179433571897687, 0.03853908608651444, 0.03938328065179242]","[0.03361475309931574, 0.041777159569232156, 0.050043392706285564, 0.05590795112214595, 0.062005659269387815]"
25,"[0.011286294503827607, 0.018776992957875008, 0.02256023666585671, 0.025490318036357353, 0.029457325459961946]","[0.02482824056238289, 0.03207167783221758, 0.03734419118958, 0.042886997925054536, 0.04672693982927666]","[0.016288242797922327, 0.031622942984972355, 0.03677858161908382, 0.03862231729464691, 0.04009437124171926]","[0.029774787032173313, 0.0476134281495325, 0.053711688215851434, 0.055189215122682427, 0.05693550411238707]","[0.015075686347814178, 0.024161583481252837, 0.0294748863911001, 0.03410093039096042, 0.03704436146208269]","[0.022901352136778113, 0.03251056291526719, 0.03899567766438564, 0.04303439232597624, 0.04805043771614441]","[0.028071665440021102, 0.03198451854964053, 0.03530227243434195, 0.030230105972019597, 0.029084980869515713]","[0.037417964625371065, 0.044873574492211334, 0.0472617204643606, 0.05204540945043826, 0.062122070036516173]","[0.010715076209412627, 0.016491397413940862, 0.021843538794127388, 0.022165675625591328, 0.022695606708426883]","[0.025175474276759733, 0.030275592738224746, 0.03731668364944724, 0.042762087115328966, 0.04410734375747965]","[0.013053027998893619, 0.02065186349942694, 0.024634532755774156, 0.027904616409334174, 0.032643320238326425]","[0.03131942017489429, 0.04082816651362437, 0.04696964870100144, 0.052043417435962885, 0.05670122275133439]"
26,"[0.014386558023093427, 0.015988472339527285, 0.01887501294308456, 0.02079210068614185, 0.02316250759677962]","[0.020846790850335743, 0.02893547492438815, 0.03895701818009348, 0.0408512886895715, 0.04454085980602781]","[0.015404237464281798, 0.030432087690859925, 0.035642740841052234, 0.03751649288309352, 0.03901262756238915]","[0.028991842143502505, 0.046606624583311884, 0.05331315619258317, 0.054839633857272994, 0.05657956128186084]","[0.014835480910481511, 0.02383057611800758, 0.02935531117799719, 0.0337877881191876, 0.0373757861763791]","[0.023306360849851625, 0.03288912132940961, 0.03972470633316503, 0.0432956344832858, 0.04912056052760429]","[0.028738521411841696, 0.03451253979711347, 0.0379405390985939, 0.02898942647708586, 0.027564547446013787]","[0.03832255012193941, 0.04528377572981394, 0.049012646951632606, 0.05383800731530364, 0.06408301147739597]","[0.011162387675567303, 0.015683465295996943, 0.019393893076774704, 0.021996552225888193, 0.02429192286031152]","[0.024567750271239086, 0.029472178145869717, 0.03627870275056754, 0.04195632001702077, 0.043485215247056265]","[0.010440731056222483, 0.01645343664776487, 0.020260571509540318, 0.02687282173934955, 0.03187692263131435]","[0.026549812267667693, 0.036815791442711035, 0.044481808613464055, 0.049732791052032495, 0.05371990192185423]"
27,"[0.013052427284446628, 0.01731682487872163, 0.02036540311173358, 0.023408567363671064, 0.025016204213010096]","[0.02765082078034267, 0.031526423997886355, 0.036537042691086374, 0.04283892189780828, 0.047559512750018705]","[0.01451999741018232, 0.028751483335353625, 0.03477325786928927, 0.03668492024222468, 0.03815138145358968]","[0.027191812350081473, 0.04366931638284165, 0.05138449780306307, 0.05337326880199848, 0.05528885005065205]","[0.015042049579678583, 0.024169764595310388, 0.02972756087848404, 0.03434222530712803, 0.037873098340701926]","[0.02406419946612081, 0.03380498274426852, 0.04085517853378504, 0.044423070082010824, 0.05040386744394524]","[0.028679042243958414, 0.032454000239669996, 0.03608662466218472, 0.03254070575136465, 0.029139060202803296]","[0.03687179533159013, 0.04275382246520283, 0.04732242275765482, 0.05477828459084842, 0.06503037878711229]","[0.012562449812355457, 0.016612079541277264, 0.019865589252044666, 0.0239529156427109, 0.024972489119037836]","[0.025423694459824203, 0.030505491708772033, 0.037801347575501285, 0.041765343499803195, 0.044055758780846804]","[0.013192820776404794, 0.024402214008797832, 0.025297036855799582, 0.03216686473043937, 0.03982172454673152]","[0.027608838951581383, 0.03396487131107406, 0.039619736314772905, 0.0451413919088102, 0.05200644655999986]"
28,"[0.011839538208604016, 0.014072152183365074, 0.017401562873055863, 0.020040778030241468, 0.021927947850124318]","[0.02394073947634504, 0.029984983681345466, 0.03895034351090757, 0.042792275552502736, 0.04727057565955002]","[0.013573045565686307, 0.02780349990124103, 0.03483804068359246, 0.036599889627926596, 0.03801896504399135]","[0.026233541383829224, 0.04400159238184973, 0.053145538368392094, 0.05555115371791431, 0.05749204395772273]","[0.015140449178663407, 0.02433110057413106, 0.03010057329750443, 0.03488188108174605, 0.03848214750029818]","[0.024547058311539915, 0.03440897366062054, 0.04190347004598305, 0.04558182617171504, 0.05177384562819011]","[0.02338045242797874, 0.026949331255448322, 0.03199533467570009, 0.028263291780833723, 0.027317467492286487]","[0.031431086545660514, 0.03995957582933523, 0.04517589005106356, 0.051373444850112464, 0.06036570415308762]","[0.010661445717668668, 0.0137033769666088, 0.016355385618404373, 0.02097884388549561, 0.02177651858658796]","[0.02765358667088402, 0.031866325787251286, 0.03906929607253271, 0.04362175177011626, 0.04756697516340382]","[0.011365216493655034, 0.01841473114646056, 0.020325892008498842, 0.02549673446212592, 0.030018698229946558]","[0.027099861563215397, 0.03322933222376741, 0.039215326009610585, 0.042592999028849374, 0.045855857584377345]"
29,"[0.010095721405303834, 0.01805720161595215, 0.027270213788108632, 0.02475047179582636, 0.02532512477011694]","[0.028460064738498166, 0.03524025001639176, 0.06192874669305669, 0.06639423370937605, 0.06814132057897727]","[0.014065205208190493, 0.027814614342868357, 0.03508551271031465, 0.03875737656491679, 0.04006296068070991]","[0.024578697610705354, 0.043483574959909725, 0.05010366755907052, 0.055098603742735466, 0.05827541571629398]","[0.015776405499966863, 0.025551930593302824, 0.031990540741812325, 0.03714065358607799, 0.03904013223045356]","[0.02557154763847515, 0.036183463710561574, 0.04431591322427562, 0.048650427013434625, 0.05446379618381945]","[0.0272442704996, 0.03274553711945585, 0.038507012705672056, 0.03246631395437688, 0.028743845401964604]","[0.03687481294113155, 0.04298164057001583, 0.04904966498744032, 0.05655189128585104, 0.06570778941889971]","[0.010921290921838547, 0.013920532134045642, 0.015557114071626823, 0.01880058147106102, 0.0203766734642291]","[0.029243389569548823, 0.03386552294673845, 0.04146923004257874, 0.046108724218676185, 0.0512177464810593]","[0.013944704799430618, 0.014756868599857812, 0.01626617829876491, 0.02132816563092503, 0.02759687866713395]","[0.027491768552561618, 0.033775046238914176, 0.04232847712406118, 0.04549183783469187, 0.048435717323360744]"
