,LSTM Train MAPE,LSTM Test MAPE,ED-LSTM Train MAPE,ED-LSTM Test MAPE,BD-LSTM Train MAPE,BD-LSTM Test MAPE,CNN Train MAPE,CNN Test MAPE,Covn-LSTM Single Train MAPE,Covn-LSTM Test MAPE,Transformer Train MAPE,Transformer Test MAPE
0,"[7.5132025436086405, 28.89435577767715, 35.68587430680797, 35.921594715932756, 15.744120978892203]","[3.6358754452183804, 5.289124452057477, 6.752683255538269, 7.513433324975825, 6.787365974838991]","[24.317303179252157, 24.686167860547695, 24.579951544225064, 25.500745757421186, 25.49605422125315]","[4.403110954912007, 5.126774191952302, 5.815475671975293, 6.465109341423352, 7.026184357979368]","[17.173220661070083, 21.91103948655195, 13.397374808220993, 11.435149607405638, 14.5378206310023]","[3.7178719259460613, 5.076599683023411, 5.480095952520476, 6.328847525716987, 7.061604582608708]","[9.163010923731447, 11.225575007262481, 11.715739635450117, 17.230489477587216, 13.242589458408242]","[6.051238178091397, 6.673604615653003, 8.214005380874575, 7.731587243588434, 8.069622277373636]","[10.813701457323413, 11.574340922116598, 11.680603000903467, 12.257018260385188, 13.087030466380323]","[6.780978550611596, 9.501652202801411, 7.9505807757982465, 7.907160317797215, 8.665372834682493]","[20.66201658561875, 29.774249354517305, 25.83528925456769, 22.100989516696774, 47.99937855660718]","[11.995078534081365, 10.063683648106316, 11.36380522581611, 11.238950974340192, 10.80176552793541]"
1,"[12.667936400034776, 5.587814572436357, 16.677946395491304, 7.133608174900006, 12.517684145387795]","[3.31399352353177, 4.331875027129616, 5.339801986719824, 5.863991493839941, 6.51536110890421]","[22.169653010594814, 21.33862982142947, 18.406479322777898, 18.34970071376751, 18.314359665427553]","[4.243172647270253, 5.2230508746781075, 5.809179307986834, 6.541376096277643, 7.182207206093551]","[30.492970347341036, 22.93372007676617, 6.431438518542963, 12.288715146144149, 23.283933305181854]","[5.596737474525035, 5.930744168420246, 5.436839615613061, 6.04306882206251, 7.94428989146842]","[19.944105576591088, 19.134595270709507, 10.361908515589501, 16.66838502385292, 21.28790704637526]","[6.455606967035296, 7.270997914409401, 7.818270931805367, 7.635112081547016, 8.269101916079743]","[7.709239667556303, 6.925932181719875, 8.340418104314855, 8.373392330990987, 9.697100669232098]","[6.429629901240329, 8.634278757388214, 8.45400366350936, 9.699047690973943, 10.500114904373504]","[18.211676847192635, 24.68381567439275, 20.987311658439793, 25.033901008908238, 25.64275344410533]","[13.538287132236862, 16.54492911697192, 15.69539110613444, 14.66903155176015, 19.337466015964882]"
2,"[16.37951549825523, 13.103574445270732, 20.686090236897993, 18.76310299931086, 11.344894224783264]","[5.414214827344096, 6.033053579348327, 7.425289217402413, 7.54323302378406, 7.426622269426463]","[28.309264976429134, 32.62181765887211, 31.05277152178213, 34.82624198035662, 34.6160515111118]","[4.44842150272947, 5.6513001280499005, 6.222246315228704, 6.970510978302364, 7.462060494819754]","[9.592588138621526, 5.197851475278776, 12.709996357946762, 9.82004851739325, 15.069834591954567]","[3.4798579743133837, 4.278897410543102, 5.310747844301556, 6.098965244547337, 6.994261826616675]","[7.968329450620597, 10.767250917978458, 9.245734807269312, 10.367183579512199, 12.422856026914983]","[6.818321300228507, 7.97288144568874, 8.797096704197168, 9.441919097985949, 9.945433779135422]","[6.937660534945262, 7.5454485539087885, 9.873498649131264, 8.053567485439562, 9.801377760932214]","[6.830201631837229, 8.30071872326334, 8.904960174076, 8.691355637127094, 10.82237238954454]","[11.616098174313667, 29.7398764415535, 17.39824830305349, 38.6776828881759, 20.676381483419284]","[11.772553487825803, 15.051751757058177, 14.510255527473378, 12.945079083296203, 14.062395522532995]"
3,"[24.653938150788292, 24.152431865341338, 15.46197512009416, 16.028856842061685, 16.695709373064176]","[3.8729324366075306, 4.7660093189139, 5.868311250816398, 6.361436781326506, 6.934124529784555]","[5.666961497172007, 21.907786698778906, 23.09912437811009, 24.531042238898518, 25.470342718783424]","[3.5332186562444634, 5.262301263395101, 5.975098957475056, 6.660228637846751, 7.250413009154729]","[14.722691359683532, 19.145787260479636, 17.064537065356507, 20.072189582493895, 18.79717134143832]","[3.6973662806958676, 4.87721964973334, 5.903008105219672, 6.84908290911718, 7.679437330734018]","[11.793928784565104, 9.756357649279277, 10.583469102550634, 10.60861777770486, 11.323716979341025]","[7.955682413767329, 8.346038417675004, 9.241672694183773, 10.247760736922327, 10.58196482842742]","[7.167382115065152, 6.636364475217898, 11.351794514952571, 7.981471467825653, 10.828867423786825]","[7.463936881292802, 9.149047600513763, 11.255722581467788, 11.232314402100853, 14.061211507831983]","[31.374801375146887, 19.238950708669496, 13.112030974977085, 14.962319272970381, 13.535051938429563]","[7.82355850281614, 8.902931088300273, 9.846369879135688, 10.451525374093253, 10.350337055723042]"
4,"[19.66224881301178, 14.469407858491087, 13.90700076432292, 13.67223999145956, 9.846222596488582]","[3.9644546973283097, 4.741776427817742, 5.448394180704618, 6.3134141226188225, 6.638737827648039]","[24.254461307731106, 27.947485962657716, 27.712352453945215, 32.10140543887809, 31.139445546624735]","[4.240543168519748, 5.174303795122538, 6.139237816194551, 6.860531073590424, 7.322645040477814]","[23.80303975653763, 5.794689314060719, 5.8720670025753945, 7.758425935793928, 8.214522971652679]","[4.9431937321164385, 4.354813760807023, 5.146064020194085, 6.0234880105685775, 6.687603570089375]","[14.515837914761082, 19.42987004841653, 23.707680178282086, 15.337192937285717, 23.776454078769053]","[9.589490951508328, 10.275609061207309, 11.948124672551762, 12.49688121233464, 12.478279515144902]","[7.582273858139223, 9.053289229934974, 7.926450327916792, 17.252504711066425, 8.224589875411278]","[6.530470002041389, 7.384125301307602, 13.253200126007178, 15.440864126872123, 17.177586666986556]","[12.143150834791495, 20.12643067169905, 23.167175748353202, 17.293838927121683, 14.14905851230414]","[8.633291650121928, 9.601892402458194, 10.637163556179782, 10.816323384275208, 11.346727802706516]"
5,"[30.396044876761074, 31.24183219943857, 29.18452374895483, 44.26652354370743, 31.405103642562505]","[4.82024786845517, 5.339038389807574, 6.020758746662128, 7.60507192452103, 7.427443386557305]","[17.04824364887685, 17.841865881479688, 19.732607914063138, 16.63632104371829, 18.090363123862055]","[4.48212755761548, 5.564897932267437, 6.0567821259489385, 6.626387897312136, 7.353907804584662]","[4.360019008984183, 7.0016282368068605, 6.382480611553533, 25.746660837118547, 44.86592415629319]","[3.0430968091984685, 4.336549672221654, 5.506576892517027, 7.616823867295702, 9.744525389493363]","[15.541660743938943, 8.327317824324757, 10.239645218337762, 12.482961926922833, 14.695636696255843]","[9.698360494153482, 10.015850007225332, 11.308043826286172, 12.162731068961982, 12.365211910923653]","[8.809905437088416, 5.384624748509929, 6.686907198934748, 11.457914860070245, 12.17499089617314]","[8.923029037212924, 7.397850521715251, 11.19655199557661, 13.627665188618899, 16.924628125598094]","[13.29070482300001, 10.203273272372511, 15.329219799378363, 21.06209240238457, 15.769132546141169]","[8.313337032075623, 8.874363656045634, 9.907757328506191, 10.809515382037734, 11.848619161304752]"
6,"[22.915168842948454, 12.430950823707827, 17.99734356885644, 7.8904583959515024, 11.814399938912047]","[5.486009794815152, 5.361840932389123, 5.953718492700914, 5.962452113672524, 6.797369080908442]","[5.771698747402044, 7.129289390900828, 6.999797380423196, 9.30282647814725, 9.34381749489002]","[3.3807073596691253, 4.280242785225674, 5.1725656551461645, 5.858367932445089, 6.47009733521421]","[20.26581388275233, 10.308205214501722, 21.78818407427556, 30.987721267751052, 18.951770181436068]","[3.7949859755582667, 4.4489649478085616, 7.027115081720507, 8.469175955538939, 7.886888030193457]","[12.566357309404863, 11.52466672092775, 12.786687036506713, 16.903330167669512, 13.546019821564917]","[10.023425386115429, 10.856267168819208, 11.856263250665986, 13.460235627293955, 12.667986986266886]","[18.456479853201515, 12.33767058222725, 6.881749208029773, 8.412777363293355, 14.652651727271612]","[9.095153394159333, 7.534343906580723, 11.786920820774546, 14.3527573200392, 18.596798159518578]","[16.524275088565428, 17.382372304649866, 12.843710455883087, 14.547565687790499, 23.23720755663194]","[9.232469451264834, 11.114585598882751, 10.68302641472834, 10.746908358189437, 11.385661205355659]"
7,"[6.06797820915265, 15.714642083968542, 16.584506369102424, 11.375560143495319, 21.154498170064855]","[3.7673796786153124, 5.3788530530554945, 6.156000646671299, 6.930550971534105, 8.013369873519133]","[17.13596672099168, 13.36065761086516, 13.664799840846767, 15.480625953924937, 15.650605332004764]","[3.4620913489656466, 4.437021819105883, 5.22243743657544, 5.906040780331521, 6.5022028834869365]","[4.950977949315784, 6.602713180553879, 15.932139554203175, 13.939343493920262, 13.342538842977556]","[3.238106543795084, 4.533881302552254, 5.488179597492065, 6.279056891887609, 7.180599978002378]","[8.035658814985519, 11.859906734905747, 8.86487105468526, 10.666752136261405, 11.170022087777706]","[8.65942202628224, 9.899475018746676, 10.852210727650954, 11.909071156771912, 11.732899095923848]","[13.019304447835514, 5.722647551312725, 7.7831808701822265, 11.902981482290809, 7.739349335779042]","[10.214630895670354, 8.97120036464021, 13.731295396240325, 16.684867280141983, 21.110069989675353]","[24.827818463255426, 33.211471493570855, 27.863195973502503, 22.867411975284146, 17.543025832313205]","[8.746220660120821, 9.742102373749098, 10.357104490619568, 10.74682299632518, 11.229747474388024]"
8,"[27.301070592445996, 13.38045020692309, 12.416043887927803, 10.518713799445687, 10.267282525624633]","[6.374151048551909, 5.938459414150986, 6.60603342262121, 7.372947060412736, 8.069274914364302]","[6.927101125083094, 10.276775381725418, 10.543478121327098, 11.575284942195777, 12.037342235665829]","[3.5124656036159037, 4.4268736007116, 5.147100283764995, 5.817627471815426, 6.404452119953969]","[11.931227534546974, 10.075336554018552, 21.628635005742137, 13.80008083039236, 16.74294757711096]","[3.6212035883222145, 4.794876201745081, 6.752114026188442, 6.926054253637743, 7.802658404199052]","[19.20180476425498, 14.375247233083513, 11.404574279757657, 11.339426151747126, 10.644041201223867]","[8.206593455664152, 9.472105429400381, 10.907159181110439, 12.21906251838108, 12.56677162266314]","[5.872763388496078, 6.885436231756673, 9.552331291577028, 7.555425838669421, 7.988990776202358]","[11.354816699688982, 9.826281188899026, 13.260823996849473, 15.870035727874992, 20.534389800931805]","[8.007792866650645, 8.052695245654538, 8.825667275307662, 16.16345407958184, 14.70872668569264]","[8.611725512404513, 9.42275667707096, 10.322763019838813, 11.069542243482251, 12.228764684364691]"
9,"[15.748098398112875, 13.275206510359652, 7.640084758695685, 8.918623959353523, 9.368924460439148]","[4.67113528583637, 5.809476838392533, 6.635669121367332, 7.433866596979276, 8.330615832499491]","[13.114285844764051, 8.02781692600197, 8.919297775301553, 9.480061400008713, 10.097224102960773]","[4.173339097574487, 4.7784747121468705, 5.594827385000793, 6.2273898409122435, 6.780953810022377]","[16.683460812432322, 6.018261523100588, 15.066790174867808, 7.914207535939351, 8.647395768544671]","[3.6127388895506694, 4.945185330168003, 6.974276315702429, 7.163289528084124, 7.741657864192529]","[9.527095477440884, 16.224658500964086, 8.925326024296051, 9.88735117527667, 12.63328207661738]","[8.406959107113561, 10.217978403987276, 11.210430336365487, 11.914656698693173, 11.905638469058799]","[6.755522984508606, 10.42412717628958, 11.406336472064472, 12.738048275818903, 10.571547866300739]","[12.410542410116644, 9.878893493776697, 12.70667547282544, 17.031689538707244, 21.352700364159645]","[14.058854044444843, 8.826230748076162, 15.093470852095153, 17.97605475418518, 21.365733813277664]","[9.07299455678872, 9.98653332549406, 10.917862429815791, 11.61437252935951, 12.596637372714428]"
10,"[33.436663255410224, 24.156361213755574, 27.097813857413232, 24.224119895467727, 26.30585981935521]","[6.559187379094082, 7.014268825321864, 8.475200791816196, 9.202777018625467, 10.001901658371045]","[5.561732681301997, 7.694778545541481, 8.08244003052355, 8.694369037248805, 9.232181986871337]","[4.031974388628652, 5.315540687279176, 6.025540183625282, 6.728223610402346, 7.325628249004169]","[9.910804872786688, 7.861679188197254, 6.601065980182548, 14.716105326565085, 16.07369939903169]","[3.3793558859529247, 4.288156529741329, 5.815974351795848, 7.408449445429617, 8.152935753514477]","[15.640870131733694, 19.604489404127104, 12.883097017544392, 11.149555976905852, 12.703966673259043]","[10.174535921099473, 11.758137851401301, 12.520184184331306, 13.104825954757734, 13.545026048903052]","[5.71021521401484, 5.2726140255410785, 9.618224769512866, 11.91858502298501, 9.014733547565239]","[16.19405147394452, 13.034665528662273, 12.893146898400776, 16.429607930734548, 21.314485710042977]","[24.087063166535064, 21.138114360263422, 19.376066117707637, 13.902449403471598, 14.258185889453406]","[10.46043271620212, 11.166351651106423, 12.069060039602714, 13.154978732694417, 13.738944286611929]"
11,"[7.285566650379895, 14.136712605702806, 7.428125981120338, 11.482624477911429, 7.987728626818279]","[3.729181109757915, 5.456175935672087, 6.737201272477725, 7.905361387251414, 9.006369184328326]","[27.166475613281406, 25.17058518101602, 26.048203624970046, 26.427662135873348, 26.763804973926337]","[5.45273896933727, 6.729958771274429, 7.504880347400503, 8.237107735957828, 8.846004214308614]","[8.184253388402682, 5.318691042365951, 21.020143695855715, 8.60014861925996, 8.582822299282993]","[3.2977650777412637, 4.578098971786947, 5.927872834994225, 6.758292683626927, 7.599752861364251]","[7.911191758357908, 8.651584893159606, 10.096048237380506, 10.040453417347624, 13.218687163407264]","[9.788196001524268, 10.677018257278132, 12.160316045739325, 12.764813609003403, 13.62336750861094]","[13.39512667236423, 9.310098988739586, 8.531142574654591, 8.2643194841782, 7.648829775496988]","[16.547001274951228, 12.469218058917528, 14.463721616828689, 18.27442907043621, 25.765542107450486]","[23.627459563623425, 15.412049382149748, 10.127304503299774, 10.525825043291324, 10.33627894041779]","[11.222181203409935, 12.079007210840878, 12.845232173721282, 13.822274106316296, 14.560035990891516]"
12,"[10.040052744963077, 17.296977272745384, 14.872380685613626, 13.107231894082316, 11.514496723451408]","[4.605861078842315, 6.447985282948919, 7.767199699434337, 8.911386431515647, 9.600822139264151]","[12.385134121386193, 10.506040498966215, 11.425795144602692, 11.897532932221369, 12.320496715469341]","[4.534775840122922, 5.450879896997255, 6.384325290768015, 7.138094581162988, 7.79232887217076]","[6.909629239373419, 5.298008802102928, 6.314227427519836, 13.305951398784607, 16.65436478937064]","[3.1905099163130126, 4.565456873631858, 5.943599963881256, 6.949256929625816, 7.906962125996701]","[17.482352864021447, 18.087471206269097, 12.1657890501553, 13.916192284572345, 11.963607263800407]","[10.5151533212564, 11.430813943354327, 12.42148651477379, 13.070380145386363, 14.077731284907918]","[7.513630516559807, 6.324817031989767, 11.202154900099885, 8.632057704584122, 7.269536676260308]","[17.625621118100977, 11.595379837682698, 19.172073095352324, 24.31743499034389, 35.31982403253403]","[7.543600605646028, 9.729601870890136, 7.904130462732255, 8.936375363457874, 9.72151601985273]","[9.707146543433478, 10.757490534294638, 11.470529750908701, 12.086419281132974, 12.948750373891842]"
13,"[18.77144021670852, 14.625680076883828, 9.267154539123913, 7.931949272867989, 8.287391067340497]","[4.656169050491397, 5.5263858124263034, 6.539921250334111, 7.533667583699809, 8.240222625841588]","[6.079148227031127, 7.385803133298344, 7.733819294708115, 8.410633294808028, 9.003552826780703]","[4.084508660497361, 5.819429221012617, 6.9516228970659215, 7.843176761943346, 8.549326956716042]","[40.08061411362841, 35.039021634304746, 35.280877441338944, 38.54813983554728, 25.048835005552032]","[6.648313452071253, 6.164126046478347, 7.3716795000619975, 7.8359795780032995, 8.148077248736794]","[8.85235386431045, 9.434476112175947, 11.9783059849983, 13.678147792117414, 16.738780821160425]","[10.478885245231627, 11.132718999679595, 12.75199361200466, 13.015380821649947, 14.303308032975922]","[12.280005433097857, 9.634545097862546, 9.3917313240215, 10.658415225018738, 11.327317888097316]","[17.331865777698077, 11.780864230400724, 15.902412777313184, 22.253902766879296, 32.28139678818972]","[7.59185137028891, 7.88363406664276, 11.102448410861207, 20.44973677992879, 15.888898689748132]","[8.33298071070346, 9.24253903116426, 10.122894049326007, 11.127207798434416, 12.343369070961993]"
14,"[7.195500066699033, 6.288361909061968, 9.303042318904563, 7.851266083978888, 9.519374762527153]","[3.95285946664845, 5.247473029630044, 6.902403934518846, 8.129253114844165, 8.693334195171092]","[9.084846056925455, 9.43101629919451, 10.32975745023943, 10.735995990225977, 11.15089012845599]","[5.085244803675876, 6.750451778553038, 8.375499677030705, 9.463160720157545, 10.326498131542118]","[4.763133231142932, 17.086422927787755, 16.80640350691047, 15.004857957896423, 16.879000041013605]","[3.297481404402485, 4.934022230926573, 6.547452215352596, 7.441567365535947, 8.061027400765045]","[14.793507219393746, 13.28400776407051, 11.763520024922908, 13.24550160974175, 11.321083770789238]","[11.092511857381538, 12.334710148371562, 13.179551108025194, 13.37074061546645, 14.188511672485781]","[10.390164922551612, 4.785146128422162, 6.3054832172390105, 6.250895125191648, 7.735859118230194]","[14.963129756425117, 10.812801735809083, 18.882704738543577, 23.847697575850237, 34.03807942518135]","[10.059921806572461, 9.881906913503057, 9.171651951402083, 9.48865342029223, 11.526491016565009]","[9.430089282800894, 10.224492638912036, 10.97889872867525, 12.042634039421829, 12.771176154457764]"
15,"[8.74572741568472, 9.434023481542745, 8.281940046370238, 7.641976903806393, 7.989751760339174]","[4.252353570218437, 5.469865473631595, 6.558502555633227, 7.622738078090503, 8.167356796174618]","[22.54354452065907, 22.43584734645887, 23.07693727175959, 23.313014558381056, 23.55588195854949]","[5.972578271600158, 6.547620791403254, 7.785502943865252, 8.666538911317327, 9.432533336544498]","[15.432457959524454, 6.1551152064915, 6.498676745568643, 9.038860663355655, 9.818564168402629]","[3.8297987972546563, 5.162551464861497, 6.301607250548061, 7.953401010941184, 8.401399111864922]","[14.156925855110764, 16.926665148018454, 14.644047674326366, 14.025417190775864, 13.077634605756888]","[12.038511377980235, 13.208163423819228, 14.555355724197291, 15.164099217316295, 16.253173817397943]","[5.095263015789128, 7.174210580214346, 5.92468608823275, 5.982327341082686, 6.8210297414154075]","[15.793692527746453, 10.963777156237969, 16.429565995533252, 21.468482478339435, 29.49886962521334]","[14.269335362187624, 20.061734874216157, 15.99811192511051, 21.23420524804108, 20.000042955670967]","[8.849456215079863, 9.769857903926884, 11.00220631116677, 11.900414565222555, 12.921830280477629]"
16,"[12.144216628963697, 10.113165055295845, 6.850302650937165, 7.079196765395871, 12.488231388693356]","[4.826465355026719, 5.8789739321619185, 6.8417751591818305, 7.809692621385123, 8.612181740578187]","[22.840161393331734, 22.922954784989347, 23.429982481823483, 23.684396161171342, 23.936252916080935]","[5.106809481321896, 6.146111132091214, 7.607435564543696, 8.690324603574123, 9.590799884687689]","[14.162470168198283, 19.350007465984394, 22.561897262627458, 17.674859671699743, 22.44355337491956]","[3.832715674186989, 4.988011926951314, 6.761485794789365, 7.123781688653406, 8.209946652606757]","[9.667479317667848, 10.874766064559902, 10.203442866412258, 9.688995282243845, 11.54656057742289]","[10.934747963588233, 12.211265454395951, 13.84599616070188, 13.350130519591158, 14.396384168012572]","[14.847251455525331, 13.19883616795413, 16.89693254077946, 15.469847847723656, 13.73191573518007]","[16.809905626725165, 12.11345220095567, 17.506068997385178, 21.731201483203417, 28.77634381844829]","[12.856431635349857, 9.038316209260437, 10.308152417061898, 12.651284235390625, 10.762392335141671]","[9.943555688376478, 10.58869943531051, 11.591423264151477, 12.58796150252722, 13.709186772548085]"
17,"[7.221935148062032, 7.138710930871199, 7.748003971728551, 7.6337192214059195, 8.480901277872057]","[3.999696119337188, 5.087675175996404, 6.324992179752295, 7.2797797211702555, 7.734792772503764]","[10.493117730905317, 11.420923092962276, 11.939317401733831, 12.540402362552461, 13.07663637594132]","[3.9289070979928247, 5.397507027530254, 6.6612551644652225, 7.7074982939686665, 8.491627919907836]","[4.58186460603002, 22.898976948604595, 25.428205245008524, 23.730069669085037, 22.145912792705673]","[3.705199980006156, 7.207268797407361, 8.069873465758445, 9.96186306688886, 10.015353725040582]","[20.7400994071921, 23.96395856272072, 23.04036853642979, 29.13404601171004, 25.14585217833032]","[10.639589060278741, 11.54957007078863, 13.167169090076566, 13.355649134006448, 14.054196556784937]","[4.444518728332469, 5.387466134634238, 5.60762333755035, 7.712983888562016, 7.888927475924036]","[15.158165749854769, 11.646690440883187, 15.988827469171646, 21.179604549772318, 25.37119114952325]","[12.394437924425777, 8.335055143722652, 9.309090578708583, 9.385271466125486, 9.166977517007412]","[9.483780297847664, 10.445121707373014, 11.611227808661885, 12.446976535414786, 13.320821768767019]"
18,"[13.390731045034485, 10.155283088385366, 15.725229198366883, 11.130150263507128, 8.173229185565704]","[5.778081088413804, 6.702214710044496, 8.280131909203007, 8.723902631101224, 8.874917696697466]","[6.169856887754302, 6.5546917506731, 7.208586695274355, 7.794252296552247, 8.311258090330055]","[4.071943128768445, 5.391279445888544, 6.623895856619128, 7.692979241908844, 8.4565966673664]","[29.07212927328485, 16.33445995895211, 8.185483418928078, 8.16861583179773, 9.036077850008601]","[5.882751445552776, 6.102103717627042, 6.3065526798013165, 7.50529280137905, 8.563988237469143]","[10.281103901172967, 11.007814296098713, 10.856302120117324, 9.740447283503824, 10.189693785242511]","[12.51376698440174, 12.551185711319974, 14.325611954712288, 14.234657506078188, 14.697440342866397]","[6.62828519852257, 4.553087930064326, 7.825622941779871, 5.669692685848164, 13.345967437822818]","[14.42715742008549, 11.248537940143507, 16.082340668615533, 20.7348261024944, 24.961211849504753]","[28.64851283642941, 23.108605130105403, 16.696556805586685, 22.459243153476415, 22.636181596184937]","[9.069918354699034, 9.787502117159452, 10.73585035567883, 11.573279389871773, 12.738200867695927]"
19,"[13.327974152030983, 11.040048065746033, 11.963189155667562, 8.783184934705218, 8.74381071658175]","[5.101465493625763, 6.10342561865267, 7.021948275758973, 7.81998218595758, 9.27360128699241]","[6.98144063395654, 7.8548253070682446, 8.511752350489887, 9.14900447069215, 9.742631238669787]","[4.040877831452915, 5.506555361705414, 6.548305027812685, 7.531570289400828, 8.238865578041011]","[4.27150299381941, 6.348527303421648, 7.195945578749059, 9.773421319254263, 16.708232470056537]","[3.4515940077773135, 4.927216028427359, 6.165187513401752, 7.3968243645140594, 8.325209852425711]","[22.40859295225328, 18.654754336726615, 15.821934880900907, 17.830141201538105, 18.00949997104326]","[10.089131575012143, 11.302456414230573, 12.423346766133253, 13.008988344113497, 13.790645604944546]","[7.880173964544279, 10.98893497348529, 14.118506018278746, 5.678604459485889, 6.442668122663138]","[13.923268515148676, 11.511364009149192, 16.47312124615316, 19.99597250357093, 23.697757072906835]","[17.717501694524913, 18.874263818353036, 17.856664013137888, 18.270491674194254, 19.400990334832873]","[8.35388229688632, 9.14764369123245, 9.799606466598778, 10.30127019198521, 10.795690125973358]"
20,"[8.27151910442431, 7.233896722355909, 11.71531366922217, 15.717230923716066, 14.245431382218523]","[5.944246493837485, 7.316501119075422, 8.145731660160761, 8.417544275457898, 9.031878029744963]","[5.835027122994596, 6.419854504953055, 7.097474262880292, 7.739446556354984, 8.357526324210719]","[4.399697191267203, 5.514014071054115, 6.441809315166271, 7.255568871335026, 7.879334624718126]","[4.825833653303359, 14.203259285494898, 7.215396393342771, 10.184231971236276, 12.595636533847223]","[3.728281717177516, 5.6760324742508415, 6.063660492973643, 7.198219019907093, 8.251595305807568]","[14.531654768824383, 11.877969250952495, 11.959141746682397, 10.838276244219726, 11.576456548437749]","[11.572637307001186, 11.937260571430034, 13.513674396468847, 13.902754373199583, 14.664977520774647]","[6.570588031229753, 6.024056054809184, 6.881053021706462, 6.520035965874111, 7.448540884609682]","[14.400679750561595, 12.691521559002794, 17.34935439136161, 19.401527970539075, 22.40687406692969]","[11.198217188921081, 11.618411312041431, 8.899968422924989, 10.594866451138063, 16.158719028442412]","[8.318383359528905, 9.14446805536375, 10.276151092597335, 10.607954736322462, 11.297504143590746]"
21,"[5.76814091250986, 6.638284889417109, 8.401545295014698, 7.455666594060552, 8.329125272160086]","[6.64303018553983, 8.342821017984045, 9.745344523463636, 9.527797167762339, 10.318164941704014]","[15.288074806173485, 15.683659383967466, 15.772765062731503, 15.956196674362468, 16.12847145215073]","[5.235991125182744, 6.337605899757998, 7.200989821183709, 7.94221368214184, 8.419959771373273]","[10.988878664420668, 15.644719703762986, 37.3759146304706, 34.10293832981145, 25.562976944522646]","[4.105484909270751, 4.824031737688646, 6.896681057968074, 7.400989194663486, 7.478051744467937]","[8.2856462312028, 9.642990309042277, 10.06433239423878, 11.67980308620568, 12.312438971143429]","[11.145702023619044, 12.20302077979819, 13.787077680939744, 14.312328703496968, 15.029943158694708]","[6.580491174357767, 5.07256246357506, 5.599259053117883, 5.774270073961183, 8.491164349915191]","[15.45966847358898, 13.90941112244347, 17.08174842011089, 19.40604001627771, 22.45140733905345]","[8.407013208776528, 8.881369769164683, 9.974933225548522, 11.319251933110793, 8.621788109024985]","[9.758240939771799, 10.716125099656226, 11.97753324185707, 12.76596922308077, 13.685164255817947]"
22,"[14.408824631841192, 10.690499182425677, 10.467456764712766, 12.578894104362117, 12.027557646732665]","[6.584841645938676, 8.542883761618159, 9.652819678387786, 10.369762842057483, 11.155962389094661]","[6.301237427142387, 6.642255163110884, 7.338422126609832, 7.977377230200133, 8.61518784573482]","[5.176528080502737, 5.88765262560759, 6.652955549282953, 7.195582596653276, 7.670493559590683]","[47.27886544139721, 48.03007595068042, 34.79889995089074, 7.503151238752437, 41.04764195895784]","[7.598480053801253, 7.958333636744816, 7.056612248778153, 5.974756114155975, 8.79638194880537]","[10.539333842251263, 9.842340438887302, 8.590939432735267, 11.642177547267266, 12.74993342573153]","[10.658398133844281, 11.771583234664861, 13.140822949817155, 14.051671538240058, 14.505950338022652]","[5.3052860128792725, 10.34549862313712, 8.104068359976946, 9.134813562469441, 7.873654813994676]","[14.74704862199498, 13.761997421412683, 15.506879991152752, 17.010588116023296, 19.598788978724137]","[79.83314901023057, 122.24058612103788, 68.80801837656061, 46.60056027390267, 38.80795869668578]","[12.389064219136547, 19.459469990703397, 11.954529091497598, 10.458550197681978, 10.10659936211589]"
23,"[7.0515197429547944, 6.847008007620128, 11.770691588462222, 7.632136135915987, 9.517985721926173]","[6.5702056587519975, 8.253284776615624, 10.221365661893413, 10.330184705407138, 10.765300973428328]","[7.477988638859724, 7.92981932322098, 8.89418288697836, 9.777273126965575, 10.592948946073511]","[5.149647176276006, 6.003236438082705, 6.835291726791865, 7.458710262004624, 7.91472165384473]","[16.955089010984086, 32.597507247878085, 26.908528064000002, 20.515758889366513, 56.3283066339697]","[3.6871860376582912, 5.836177072268376, 6.102078743544838, 6.549703954796095, 10.619101252916845]","[22.91100534049043, 27.21982714285543, 28.101832467097804, 30.887823795764614, 32.05998133825096]","[11.443816230843954, 12.832227183809131, 14.381421797128176, 15.753408632378488, 16.80940740126324]","[4.414239895597521, 4.460738968622917, 12.012061358388507, 6.024029342419605, 6.490974003600623]","[15.015994071488178, 13.817393923305, 14.274438482951417, 15.281401533890019, 18.1557089716099]","[57.370239779192346, 35.96817837132947, 35.20451210321175, 50.428936416834546, 110.8413682241001]","[8.821876851333203, 9.918499695087068, 10.79776852236082, 10.18675261309802, 12.700832837047086]"
24,"[5.79408776577548, 5.999546498163999, 7.855768034586097, 9.400306091883708, 7.661475356254618]","[6.638065840650954, 9.256879266331211, 11.012381818258723, 11.479424823221974, 11.274403011605436]","[10.984338350122657, 11.205941970617049, 12.264425945536434, 13.172204560298281, 13.973660783682767]","[5.624133306386873, 6.390718524056717, 7.10018119483819, 7.730250555723507, 8.208954053473764]","[12.00739570832131, 13.00495256934679, 15.350345342789801, 38.21596784105646, 55.350602179060125]","[4.005188047806148, 5.026894111774817, 5.721705443093398, 8.458711118940123, 10.547095081746034]","[7.83512374937978, 8.887423050021608, 11.54818954404407, 9.256316218530419, 15.368860641636164]","[9.987378488822959, 11.030107798455703, 12.513101366838752, 13.232898936896417, 13.913553329306785]","[3.928453428098818, 4.629332045861744, 5.199065286423114, 7.096644502191871, 8.468075113015958]","[15.285195605891586, 14.181658142062107, 14.635526567961676, 14.778937640031616, 17.056614139020652]","[18.96310440038911, 17.286452098151063, 14.832052593305228, 15.139726785827733, 12.394116245564023]","[10.271146187589723, 11.93364887315473, 12.179311193056188, 12.158025262804712, 12.464789674105873]"
25,"[6.218832151631128, 11.016095207664305, 13.519389144330981, 7.209992443352493, 7.495666944392905]","[5.736272636036076, 7.562744012435806, 8.711273256989193, 9.446650540213724, 9.96086843709561]","[12.754159366704338, 13.084552774628094, 14.168068003071749, 15.048895214251134, 15.81027734235965]","[5.812856279770595, 6.723413571083293, 7.413619486419833, 8.051158326170338, 8.508512202685656]","[24.743759803986826, 30.421133093204034, 6.6842665036199, 14.54617137202032, 14.884587209245206]","[4.112032390267422, 5.3823576995468425, 5.100183007139696, 6.382012437199726, 6.9669825635982505]","[14.65305353856993, 18.016867622929617, 22.304190481198315, 18.436375191085755, 20.81143307764817]","[11.206803321388108, 12.18323524827055, 13.593064612086748, 14.455748570331533, 15.01541714460479]","[6.0779534176752765, 5.326429219072894, 5.486926421214642, 6.3666855195259355, 6.03170693649519]","[14.549049169430855, 14.325089614146567, 15.032257416638744, 14.919773898322298, 15.834692391126252]","[18.856094741971834, 21.31616884229322, 24.381405585496285, 23.80668273531863, 20.73990679844459]","[10.874895768625434, 11.59916532724792, 13.035025042044007, 12.02696257966208, 12.377725977488014]"
26,"[7.204865792846271, 7.294068746767316, 7.0620359163646365, 7.860713883243732, 9.101640895664106]","[6.0764186463852665, 7.859078482543011, 9.340930629308716, 10.250974435329315, 10.666511444558887]","[10.55233371008406, 10.712835703056681, 11.536272425711745, 12.204922339476557, 12.836012745853543]","[5.75808981517295, 6.678570997731241, 7.327825771878935, 7.985053476581121, 8.401472049416471]","[14.355427409691307, 7.805852715372999, 25.77064967250004, 23.090280854174157, 37.456510790204604]","[4.138837745313308, 4.49169148782228, 6.606648206607077, 7.150483250258147, 8.752525112174757]","[21.765820708994728, 21.790588482617352, 17.06240457522825, 21.10147860450067, 21.97357911967798]","[10.997119854584831, 11.381413051485813, 13.22141941170329, 13.888347623585245, 15.45269915987345]","[15.046905170108266, 14.572783107222707, 13.465286500058097, 8.343442813659578, 11.450396835146888]","[15.04365821232088, 14.804190192585502, 16.024438239705255, 16.503563411575698, 16.347996021436153]","[14.714921977311151, 12.835019501913575, 12.40826625047462, 17.72619067546985, 13.484100336280463]","[9.124480419688608, 9.54339420592752, 9.051163493842566, 9.344927412410742, 10.198335997952697]"
27,"[5.378415625467083, 5.880761473170656, 8.468025452979557, 7.492509957926603, 7.439702541146732]","[5.818649025330093, 7.155338203826535, 8.650791197216968, 8.685511055834208, 9.38814586567941]","[5.456938459423198, 6.002288713891034, 6.650588252325465, 7.27490022147247, 7.866268025106541]","[7.408581131016382, 7.879794824122064, 8.33858891134235, 8.823376920569828, 9.175553882400624]","[6.249818309020759, 22.264583666918043, 36.255509268576944, 34.22027518661544, 9.820701153707578]","[3.462747481342501, 6.03521788984782, 8.0564559731724, 8.378893891938016, 6.873364981365084]","[27.926636636322293, 16.67475675767236, 14.167900571251296, 12.917401389946018, 15.91593016717928]","[11.58137735233407, 11.474632882184203, 12.857536712702883, 13.607241841707223, 15.117406767692396]","[4.978001119419352, 6.091811874287084, 6.592151218297312, 8.188037077493826, 7.29722228415417]","[13.405930574769187, 13.889415204155314, 15.018735146373308, 16.371074998676026, 15.892049306513709]","[16.795936344735168, 8.29270935251409, 13.678347305328654, 27.46868498959996, 29.72234301591386]","[7.574950086972631, 7.945906130168343, 8.921862141999435, 10.174390645078693, 10.966735727187997]"
28,"[7.560880072299775, 11.767583014870855, 7.055058291971903, 7.876754864829692, 8.519573974661892]","[6.496307468557482, 7.976426143560936, 8.143770375628574, 9.177088564255358, 9.215880560273176]","[6.340621513932591, 7.089738041007637, 7.57877157463961, 8.123828168611588, 8.66151212835883]","[6.859996627757331, 7.446003712443241, 7.994941591827591, 8.488766223763601, 8.957390801976919]","[39.78680540655333, 48.52115728477522, 32.492334929490156, 25.072450541585457, 25.881112241651643]","[7.929137037526542, 9.740384609714276, 8.248309134474624, 8.161355382842393, 8.565711504550686]","[6.82991404038244, 8.836635707409279, 9.613382952512117, 8.118934574744733, 8.940991181651038]","[11.847433334885768, 12.157886385565464, 13.339517754111474, 13.93533869033949, 15.310247200346872]","[5.157226037221356, 8.329992490404491, 5.666970038896558, 10.94723035921943, 6.306994934451781]","[13.440922735837688, 13.782579754280992, 15.149210157799564, 16.185648520106792, 15.558294641940265]","[12.406289247032621, 8.966134692188316, 12.54300675298882, 14.657462261481202, 20.783397077401116]","[7.811885739038396, 9.271297471783203, 9.477687764689941, 10.173665475622531, 10.885681596714633]"
29,"[9.142856799991582, 7.8411306035317345, 9.152662401240972, 7.422229404114213, 12.90740955189135]","[6.422994552972399, 7.710967182803769, 8.886165893382064, 9.575232665751745, 9.576775892985259]","[7.13990107852548, 7.790327255363707, 8.331293717029938, 8.916439185435381, 9.520349519029555]","[6.57692620157226, 7.400398697491008, 7.980459896187772, 8.439452678756533, 8.766237974843273]","[9.038380037816628, 7.069876160870617, 8.296236398984036, 12.795267603155851, 17.52907750702239]","[4.0453519774447155, 4.495828207403852, 5.4700376993997, 6.2821085025133785, 7.104332222846386]","[6.788087548492565, 8.178709185037109, 9.072974043590202, 9.71981158580934, 10.691744881023125]","[12.352101766869131, 12.235767865322824, 13.115382472806733, 14.138139165738226, 16.099087698843913]","[10.239176526605881, 16.906571732835374, 5.050687343775983, 5.764895954010439, 6.6634538837602815]","[13.732433877527454, 14.698605609377912, 15.5179371744118, 16.658660738928713, 16.981899579560192]","[16.48773792018738, 11.824585616704477, 14.051091440357624, 16.4267969775488, 18.391479514388624]","[7.055922195140122, 8.16860770645775, 9.206548895308742, 10.110691695048269, 10.688720593751212]"
