,LSTM Train MINMAX RMSE,LSTM Test MINMAX RMSE,ED-LSTM Train MINMAX RMSE,ED-LSTM Test MINMAX RMSE,BD-LSTM Train MINMAX RMSE,BD-LSTM Test MINMAX RMSE,CNN Train MINMAX RMSE,CNN Test MINMAX RMSE,Conv-LSTM Train MINMAX RMSE,Conv-LSTM  Test MINMAX RMSE,Transformer Train MINMAX RMSE,Transformer  Test MINMAX RMSE
0,"[0.021540659825814712, 0.029020088736910876, 0.0340234720515423, 0.03871939033213268, 0.04271345635286106]","[0.025540424688006217, 0.03266895862909088, 0.038340926289472714, 0.04366220700144146, 0.04856198942604157]","[0.02336264087341075, 0.02859829218668425, 0.03297765416903439, 0.03677377399380998, 0.04000038474707091]","[0.025793966095705598, 0.03135364019241016, 0.03710006797114404, 0.041790686466825426, 0.046391663603529545]","[0.02078792756585377, 0.027313217174745448, 0.03150212916571771, 0.03641706555937992, 0.040735042079036894]","[0.023947125277402174, 0.030476390124212098, 0.0358998410725256, 0.04127559695950723, 0.04639567480249377]","[0.02648019011420159, 0.03689689468507752, 0.03699141429477571, 0.0388436414258937, 0.042493075721612206]","[0.03279344561799614, 0.0429399964649981, 0.047369438530082505, 0.04886877742424999, 0.052748771059830356]","[0.02449599355398012, 0.032351181045774655, 0.03894611596567195, 0.04119647302673221, 0.04560655053549998]","[0.03175437735132774, 0.03988096199550253, 0.043906684896167995, 0.04654589649207884, 0.05276441515862018]","[0.041123036875638196, 0.04405318733358813, 0.05630828200956268, 0.06614840857667159, 0.07003220187742121]","[0.04899358548432828, 0.05283946363696313, 0.06649057752742381, 0.07552923686659596, 0.0817768988206189]"
1,"[0.01705195321079006, 0.026280889795483667, 0.03087462574576916, 0.03678687217501387, 0.04081988764860952]","[0.023029464126068138, 0.031535135421786896, 0.036939604206487696, 0.04301242517136439, 0.04841611575177832]","[0.02022444536698764, 0.0277458714092261, 0.0325078876431559, 0.03653323536912315, 0.03993057126724472]","[0.025174548904292375, 0.03245519117441536, 0.0383379425232137, 0.042851765159683836, 0.04743961474861443]","[0.01667184356954065, 0.023584892475732776, 0.028568068734912726, 0.033545973230020655, 0.03717999555995842]","[0.021550193828515033, 0.027544928409819553, 0.0338584422782253, 0.03896825909133496, 0.04409244850295849]","[0.030701478343549225, 0.03903182381710528, 0.04072922807947726, 0.04222558604636433, 0.046649166083069786]","[0.035582827435288164, 0.04501023107951689, 0.046388335414927505, 0.048809465927022594, 0.052394040874703264]","[0.029364507354853547, 0.04099756648723379, 0.045363801590000315, 0.04852295267972226, 0.05180440955251824]","[0.04248571666291551, 0.056354127359476563, 0.05367014858750224, 0.05838672629663124, 0.05778789082679993]","[0.04036949585491971, 0.048451160155180556, 0.046371385625885074, 0.04123158547213463, 0.04352691378762105]","[0.04874519256986528, 0.05584475976155336, 0.05663534486346131, 0.05063163259425053, 0.05308756131653374]"
2,"[0.019532285661734424, 0.030748715464918225, 0.03462697951696608, 0.043108905722674735, 0.04824969021426811]","[0.025454509367377347, 0.036350680897434866, 0.04113262590431025, 0.04963199802196241, 0.0562153336445144]","[0.02042311639346759, 0.030229670850901995, 0.034729592806175, 0.038197760764141414, 0.04143563317873101]","[0.02626723933300518, 0.03585821080579986, 0.04127799851409012, 0.04518696635490482, 0.04952121763754567]","[0.016176156073833922, 0.023459620730983823, 0.028559161571023714, 0.03380296309387648, 0.03731267070712641]","[0.021579532510670525, 0.02774362329743315, 0.03413501029306201, 0.03922238133982204, 0.04430210274652203]","[0.03350040777484892, 0.03338815997396581, 0.03167581304537852, 0.03388499256046873, 0.037473020814085975]","[0.04305684056259871, 0.04907993103076054, 0.05041982032267379, 0.05218816031916281, 0.054955770158596276]","[0.022550367521006868, 0.026881385735164676, 0.02720380569437219, 0.032560939426607066, 0.03408404047936134]","[0.030422883751425437, 0.04140157854460713, 0.040188978734915275, 0.04251378184699665, 0.0423959277196147]","[0.039068278345045705, 0.04535447270417415, 0.04186110126617232, 0.05194599145335026, 0.05528855356247513]","[0.05103475862810301, 0.051655585920651344, 0.05142227426049629, 0.06281662013421588, 0.06804052034706917]"
3,"[0.019687052414094387, 0.029972788925538563, 0.03081371275424332, 0.03857074400769989, 0.04421421615389217]","[0.029612789359250904, 0.038177539298671785, 0.045665031291354526, 0.052459163820231705, 0.058527361280607586]","[0.0236253350945877, 0.03358919225797542, 0.04144977799371664, 0.044508605766579765, 0.047688602338989944]","[0.029763317790368296, 0.03966396010410693, 0.048140956189955626, 0.05124355631489441, 0.055037701108805154]","[0.016271532025168674, 0.023861846603559896, 0.029136131530779298, 0.03454196230382849, 0.03843281996428103]","[0.021888569535154712, 0.02853796656584332, 0.035028816790848766, 0.039971019956827204, 0.045267616497153676]","[0.037425877788685405, 0.039309536894050735, 0.037933264838166246, 0.04117992334489915, 0.04600750204714361]","[0.04202319338740135, 0.05404958220771983, 0.06314646805341469, 0.06647765235721428, 0.07400440593080072]","[0.013986340177354383, 0.024907514104798033, 0.025296458636275516, 0.03044270706602725, 0.033123250265000896]","[0.023595363191101656, 0.038619515453374935, 0.03746761220349851, 0.039835236664384224, 0.04317179073389838]","[0.035251925922452146, 0.03622987353150293, 0.03360651019828702, 0.03141375515156778, 0.034348217361832495]","[0.04455938579579403, 0.044273900944927135, 0.047403293560501554, 0.04565310831082025, 0.04219153123283286]"
4,"[0.01949057849665058, 0.030008287216590573, 0.02984471468562253, 0.03791362972848916, 0.04685145609517549]","[0.0306442262854731, 0.04358529482093331, 0.041875384228398115, 0.04835006792361988, 0.05836756973831297]","[0.02449739374044059, 0.032067257495006996, 0.039138472932463156, 0.04307236425793717, 0.04671715842063344]","[0.03226806928176724, 0.04419216642896116, 0.0549304281104563, 0.05702342652213278, 0.060030950605677334]","[0.01645554872649529, 0.024583568527521513, 0.030366460038211026, 0.035714339162867606, 0.0401968331769143]","[0.022291233911860633, 0.029734515290214605, 0.03659168482212084, 0.04113551848771598, 0.04691226300797271]","[0.03187239701268007, 0.03269206754286816, 0.02981466800865662, 0.03297580438098003, 0.0373827158700575]","[0.040908526577003515, 0.053746413582194445, 0.0632998517737644, 0.06628689568892553, 0.07337030940841378]","[0.012277704529386793, 0.018227591049898503, 0.02445216141523485, 0.026996015825086764, 0.03612960950221535]","[0.027468326765623288, 0.03708787887538654, 0.03635028687171456, 0.03851112304571876, 0.04508655861326583]","[0.031514018322229324, 0.035940087764588756, 0.03299255734178395, 0.029373196588912045, 0.030143540216205817]","[0.03838781613261123, 0.04002963263072262, 0.042894155429451235, 0.04531846480447934, 0.04343811570873234]"
5,"[0.02107706426371774, 0.02902436293523609, 0.03025484490782076, 0.03598598028339986, 0.044387451660947416]","[0.03861610397152261, 0.04309597295815848, 0.03929528097670249, 0.042550935489855723, 0.053047148686440636]","[0.024880499344900393, 0.02987005182675892, 0.03459774118270857, 0.03840595096104302, 0.04212400030336303]","[0.033375457356778174, 0.04614370505088984, 0.046875528452664655, 0.047837149089664015, 0.05001867222357314]","[0.016415390196201078, 0.02517333175562986, 0.0315315600652931, 0.036572250510309254, 0.04144649676962435]","[0.02249861662371988, 0.030718218548662093, 0.03803068591661773, 0.042014672082942045, 0.04835674883934281]","[0.033764968406352895, 0.032304209143722645, 0.030938678060937027, 0.03282971779131005, 0.037967234800148124]","[0.044536262657200835, 0.05556492649884027, 0.06580320974757484, 0.0721518030089955, 0.07849384783267173]","[0.013409075441958325, 0.015809854500096348, 0.019669761481204293, 0.02284021133134463, 0.02673348743363909]","[0.027121152974940343, 0.02989142269606381, 0.03515484095426894, 0.0422931718625057, 0.05064957054737431]","[0.022156258267496176, 0.039907682688665756, 0.03213582142954703, 0.03868441163788647, 0.04185228154527847]","[0.03148119320950693, 0.05136097448774898, 0.044126872223133815, 0.054971041624242885, 0.0572405601246293]"
6,"[0.01814643595969599, 0.023398052603547586, 0.02538368963121039, 0.029778906454557167, 0.03571175465546028]","[0.03286516510632753, 0.03776456152389798, 0.03443091233642181, 0.03655404764071778, 0.0438677941301045]","[0.023997065856729963, 0.03164312621691403, 0.03631412370204539, 0.040257586677724194, 0.044094259999149496]","[0.030090806736858662, 0.04648961851107261, 0.046599799497063915, 0.047616539665732406, 0.049811808198796534]","[0.016769701243840526, 0.02669795769486594, 0.03368832432681699, 0.038279434752208234, 0.0440866664817726]","[0.022999344712152557, 0.03257978378106348, 0.040335658568355706, 0.04364014478742796, 0.05120560601404806]","[0.037202946381749404, 0.04206429734728878, 0.04891708809605879, 0.05407116945846895, 0.06331598303085796]","[0.040550257568429775, 0.049549673642061955, 0.06083908721926616, 0.0712795080026436, 0.0777050945539101]","[0.01201594831155902, 0.015120918564118298, 0.01857258243866996, 0.0213623577735768, 0.025113237278010903]","[0.029037974692825902, 0.031095025099397128, 0.041026376542094865, 0.056641769725056454, 0.07224891928494526]","[0.03786769009380938, 0.0488160118853007, 0.04635486318313312, 0.045664413821553784, 0.047434242642071404]","[0.03444275000660164, 0.04833127015147004, 0.05207856361514078, 0.05399401353488498, 0.053470426886350425]"
7,"[0.01697322013920101, 0.021505511498662425, 0.02388706622087553, 0.027556682067715867, 0.03160671494811884]","[0.032646383162602696, 0.033604550964392556, 0.03174302400219035, 0.034989467645685106, 0.03906775139477216]","[0.023295507206645125, 0.027325143861922294, 0.030397041109589244, 0.033828543527958777, 0.037244962363068776]","[0.02950739940369868, 0.044602979391111415, 0.04384844926887733, 0.04493269664323029, 0.0471896264014649]","[0.017114741403696575, 0.027775664912085933, 0.03523434316110891, 0.03983866344513813, 0.046359835752442576]","[0.02369627775385476, 0.03401262533064288, 0.041999387048548366, 0.045294288162332996, 0.05395569280174839]","[0.02628590147825071, 0.025411170838701685, 0.026267626339661183, 0.028463134878451105, 0.03207085110483784]","[0.04065787803006567, 0.05067944231590191, 0.056293742263456945, 0.06514116870023244, 0.07487986606596914]","[0.0116636134746654, 0.015220670780612755, 0.0185779372594511, 0.022241631637314907, 0.027054717029731352]","[0.032999374508214586, 0.03382090332264958, 0.04359570860089496, 0.059868229926931166, 0.07710810678160207]","[0.013203870506712722, 0.01699837912619036, 0.01916196825611711, 0.02155442093265376, 0.0238371714377586]","[0.023292347090253584, 0.028326908153158505, 0.039585819233559146, 0.05082089397302736, 0.04812674491250277]"
8,"[0.020659537479698262, 0.023912492506445397, 0.024449941406866196, 0.027410232101074922, 0.032661983603104086]","[0.03305658467610139, 0.035934719296481225, 0.03182269881720087, 0.035654216275574864, 0.039270409041397725]","[0.025119546425176748, 0.028823396774475665, 0.031080597216814717, 0.0342495066088039, 0.037448751464115665]","[0.03239162504947779, 0.04615173324787944, 0.044746955777975286, 0.045797441295362576, 0.047711441612971806]","[0.01798819986562636, 0.02917089553736064, 0.03677405687429175, 0.04102534819942103, 0.04697169075251299]","[0.024806763987100928, 0.036064953306879824, 0.04391555303855597, 0.047777185885971934, 0.05759770800584533]","[0.03151812077784071, 0.029298153757993373, 0.028408633183936414, 0.029250743626017532, 0.03262104276544215]","[0.04479582306108419, 0.05261457996479162, 0.05508901585502311, 0.05826421652222046, 0.06254814565739006]","[0.011914714780990184, 0.014468077326237817, 0.018527675202816923, 0.020856940378949407, 0.024442362858726495]","[0.03691130720724271, 0.03925652660808936, 0.049602407888724484, 0.0722657591107772, 0.09207958311449738]","[0.02244186063407886, 0.026665485909670456, 0.02786784236039109, 0.02888692203076818, 0.03280448841328945]","[0.032779478337970826, 0.038077240707167045, 0.041025600038526885, 0.051194178212400146, 0.052032199199481585]"
9,"[0.01657444454904757, 0.023485063219730953, 0.0231646910622091, 0.02582193619157316, 0.02923451711455543]","[0.02665043921950481, 0.037232838192703864, 0.03130993397050347, 0.036262710539423273, 0.039305946146216596]","[0.02645828369949971, 0.030979347444785185, 0.033532549142610335, 0.036707265910841023, 0.0398260885229537]","[0.031474053156168684, 0.04591462069272693, 0.04539648931696788, 0.04673493121396635, 0.04865983238763423]","[0.019038266860259983, 0.029389641168209375, 0.036167820683551954, 0.04037098602789881, 0.04634002992678174]","[0.026177377201229972, 0.03723788741866148, 0.0456835921317612, 0.05044508720430874, 0.06019579130458472]","[0.02951274492325693, 0.02840222203884944, 0.028237902813717186, 0.02970485219576152, 0.03551532370495442]","[0.04101324472772554, 0.049930702396180075, 0.05282495214622374, 0.06309564197720768, 0.07356138545265886]","[0.010795375560203829, 0.014827535913479729, 0.017465283905619397, 0.0202552835349708, 0.02335787131183804]","[0.050122183293320036, 0.038181191832693966, 0.048149203014164164, 0.06822766391635023, 0.08773915523847683]","[0.011887907365627007, 0.015545742009353344, 0.01871726731187075, 0.021100958694527532, 0.02203483678400393]","[0.024824030173616108, 0.028701772825012316, 0.0364195260917093, 0.04996626257029248, 0.045537765620081314]"
10,"[0.021600439696962504, 0.025812682085202474, 0.02369925531329089, 0.032983881170078805, 0.03260507355052825]","[0.02789713263066647, 0.03506942557814862, 0.03491600362376111, 0.05024443978328399, 0.0504905349201868]","[0.02461326034942706, 0.03063841656799638, 0.03297214598697414, 0.035367124530448865, 0.03822875295083146]","[0.029159789958943107, 0.043382232898262575, 0.04367608206396069, 0.04474968176080484, 0.046044759590726805]","[0.019246971559815685, 0.028992552523945784, 0.035315623655207996, 0.03968505774195969, 0.04604524922691439]","[0.026589170820736023, 0.038073899745602865, 0.046510356825908636, 0.051757991929623104, 0.06166232315911808]","[0.02700311083877719, 0.02641001660857786, 0.026449624327232135, 0.028320494383695372, 0.032202111066642086]","[0.04112899442681797, 0.04293692014618018, 0.04440430802119786, 0.05033792875547804, 0.05912599466530706]","[0.016315525905140994, 0.01439022426339093, 0.017385640062207497, 0.02135568871679959, 0.02258035026233227]","[0.045748301026960474, 0.04519489385162892, 0.058297758856963415, 0.08099411016641363, 0.10209388236573314]","[0.014220501018907995, 0.017182371465251433, 0.020724156699343372, 0.020616249953649864, 0.022610825358011157]","[0.029921550076231124, 0.035493692301925193, 0.04456722683248274, 0.05520015018450249, 0.047150310231731746]"
11,"[0.013385452762563126, 0.020534068000643887, 0.020972903389306647, 0.0257964465404737, 0.028736755640065198]","[0.02569481043689755, 0.02955980653647331, 0.03444420987569135, 0.04673450887949008, 0.047448477048576174]","[0.020934222205645225, 0.035920639870208416, 0.03683765024713484, 0.03663282549815949, 0.038589874913676755]","[0.024385009566862098, 0.03603597738482044, 0.04461279273601958, 0.044583284441540416, 0.0450013016708853]","[0.01996528098289947, 0.029422216155408316, 0.03477966657842286, 0.039618545435209, 0.04673186119872379]","[0.027600864235855872, 0.04004573708018157, 0.049155226353118475, 0.05594867118865889, 0.06425737191072667]","[0.026824229202066844, 0.02555473632122281, 0.026459016861131623, 0.0281753052929934, 0.03298941142740659]","[0.04202465394396639, 0.043019844127316756, 0.044812482564147604, 0.051746299237287866, 0.06146324633407663]","[0.01047171231711754, 0.013985110505157581, 0.016962180163113513, 0.02103080606776409, 0.021464226085130027]","[0.04107061159704274, 0.04838673949624054, 0.061436633587990695, 0.08267992136861257, 0.10308013758029866]","[0.016920999376378643, 0.019280687731741367, 0.02229116503629735, 0.023952376134471813, 0.025856849652570527]","[0.03165670810083847, 0.03259694287881242, 0.03797806570021543, 0.04852870497529243, 0.0573124136216372]"
12,"[0.013091521676700014, 0.018751928301720053, 0.023297544364741365, 0.023419960228563165, 0.02698823541817016]","[0.021835652899848693, 0.02776871015852218, 0.0365611757848493, 0.046738409074794596, 0.04489453229376869]","[0.016201424286268015, 0.01714738886561132, 0.022996204808423973, 0.03596655393072545, 0.03788731309516171]","[0.0221098841882715, 0.02973898246177762, 0.03316910521790727, 0.04406716437327406, 0.044470556397335895]","[0.019573095244421444, 0.029652160609952734, 0.03334722147511066, 0.03817907292579194, 0.04505643856322601]","[0.02853211984723953, 0.04128269275186, 0.05011075698969638, 0.05349091691611268, 0.06137009746573148]","[0.026988386272417928, 0.02555739921635679, 0.026223128218537395, 0.02817300600234576, 0.03240029331781466]","[0.03805823948282438, 0.0393413593463041, 0.04068963038845973, 0.047584343727908006, 0.05700744109641596]","[0.012000247767709195, 0.015084243822397626, 0.017123358684676196, 0.02121514787237535, 0.02384390718653378]","[0.03491830915177011, 0.04115600447201588, 0.05129233221196589, 0.07153712538289186, 0.09301402039695132]","[0.012523066668260478, 0.015250348627015301, 0.017742729690815157, 0.019272298523375878, 0.021180890558401562]","[0.02529284839725218, 0.02945241515625912, 0.03451944450398261, 0.051450662897093866, 0.05175502274760835]"
13,"[0.012156780716844126, 0.015593235639734603, 0.01948813742649194, 0.02267038475966882, 0.025631203120421525]","[0.023532080921803186, 0.030027791161301165, 0.04027901552419597, 0.047670859253524794, 0.044747199370384176]","[0.01346215411612615, 0.0170274639120739, 0.021383928138482385, 0.03376823771001214, 0.035521476994620486]","[0.022218270024447394, 0.030733494431627185, 0.0324731526547002, 0.0435375788734504, 0.044430648685201315]","[0.01952315755011054, 0.029604493557196066, 0.03238573298045435, 0.03690406724354108, 0.04376394364303464]","[0.029608132825699143, 0.04274020242243922, 0.049355399607839134, 0.05121031602055686, 0.059375979325863464]","[0.029343712343843174, 0.02787034549286165, 0.027255951756366237, 0.028512390301222733, 0.0335185574843032]","[0.04203676980983724, 0.045172402648459155, 0.0462781991976827, 0.05407421533642796, 0.06484366717465095]","[0.011309781552327897, 0.013843133719658635, 0.017443046241972234, 0.01876881898532103, 0.021763864473929362]","[0.03665338877680226, 0.05127172238974099, 0.06565799788810135, 0.0864365234194546, 0.10368636923905204]","[0.013271401462900604, 0.015069828057191486, 0.01784852314942874, 0.019434776127828363, 0.021500524730892166]","[0.02401496777691298, 0.028789652563744727, 0.036542121337826944, 0.05061267504065936, 0.04895905197024014]"
14,"[0.012450698282252358, 0.015450875154736924, 0.0192104455756221, 0.022548753484127902, 0.024877876034677608]","[0.023841597139056654, 0.030558926270783646, 0.03448226657359504, 0.04066120242640905, 0.04331806860560367]","[0.012940871697317977, 0.01649493036411713, 0.020580904548439444, 0.03349523535115793, 0.03536132389755807]","[0.022107162276205856, 0.032687183196375265, 0.03312614743960573, 0.04412548094183715, 0.04459201653978288]","[0.019019615987261235, 0.02902828247373542, 0.03123126893306832, 0.03556835892946907, 0.042538123917625424]","[0.030440240299447644, 0.044953218974114716, 0.04773579665508725, 0.04894208798341849, 0.057105287147590104]","[0.02533458609604649, 0.024743323110652294, 0.02639137804024888, 0.02822775024515869, 0.03327947533109606]","[0.03814078982994405, 0.042041680019605836, 0.04387609675608468, 0.05195449417624478, 0.06286173945696842]","[0.009972520413856333, 0.013887884159256516, 0.015668210235679714, 0.0191742549555281, 0.02124586839818805]","[0.03243245900114346, 0.05192234268930906, 0.06675086736190049, 0.0832725659536744, 0.0998057739695971]","[0.011518679881661742, 0.015205586229999395, 0.01836374858305415, 0.020808851463207725, 0.02292302465220878]","[0.023733371997604995, 0.028393786633090595, 0.034289460250543524, 0.047321387114338705, 0.049123568908252396]"
15,"[0.011828079638205017, 0.015944777697473614, 0.02090076068206523, 0.022025281339875556, 0.02571913548547846]","[0.023660271519010012, 0.03031459527440354, 0.03424602767896457, 0.03896685255047866, 0.04397672642266836]","[0.012951318004547288, 0.016473750295830022, 0.020358529244629404, 0.025870267654955453, 0.0329835376857923]","[0.023624886433906735, 0.029222125889591822, 0.03469225126585224, 0.04357242392873274, 0.04941372835130844]","[0.0182787705654636, 0.027746998553078564, 0.02971243075085303, 0.033721232792482146, 0.04075966562786801]","[0.029535560136163985, 0.042961590079240775, 0.04583383102520298, 0.046357660523920534, 0.05498220373862926]","[0.029046205384994625, 0.027832257792624906, 0.02907943194921955, 0.030579018620021388, 0.03657100267970685]","[0.036633668181527954, 0.043016675243685465, 0.04314295004370739, 0.05072950722958774, 0.06262030545615206]","[0.01026440003858355, 0.01286019116373305, 0.01663806115327259, 0.01772801488137922, 0.02095942580829062]","[0.03154816593266863, 0.04770835746063739, 0.06365670345513312, 0.07976393366240982, 0.09504282551565331]","[0.015245032798854094, 0.018293357694547777, 0.02203310742819601, 0.025655584850078038, 0.03013614550856033]","[0.028385396467561136, 0.03212559900404351, 0.039023667762097404, 0.04944431629915595, 0.050482761012082655]"
16,"[0.011294395052105093, 0.015388212608379722, 0.020236909361832745, 0.021416329847857865, 0.025564212212607306]","[0.023822769477732795, 0.03229863166754899, 0.03417023801679565, 0.04002665884654548, 0.04351691064438433]","[0.01321427226973018, 0.01637886427683186, 0.022517421059243734, 0.025199535698139285, 0.027323033743560123]","[0.02416413212649181, 0.029992643150716734, 0.03722399317276913, 0.04027493101659971, 0.04310124939550162]","[0.018980733564458747, 0.02793353956049151, 0.029501305157355787, 0.0334255765723608, 0.040463087859536534]","[0.03178879787698885, 0.04329805219047763, 0.04532007873493026, 0.04536414194395551, 0.05393054088564888]","[0.027129115439220284, 0.02637144544005545, 0.02677052314992822, 0.028517246092872196, 0.03410516242328944]","[0.033048544893013336, 0.040188045883139005, 0.03972706967330414, 0.04770575733555164, 0.06078167403869946]","[0.011476809239117392, 0.015727163480010947, 0.016112559805456093, 0.01748871763405941, 0.020593891392007856]","[0.02920996972956409, 0.04783711970689981, 0.061008732985377505, 0.07527562028119618, 0.0908611748350266]","[0.06162492264656549, 0.0664968714692527, 0.07146491451876479, 0.07728075196070704, 0.08196098036446056]","[0.06654947130258367, 0.07171479245179681, 0.07636875036892825, 0.08217528590843781, 0.08671573426771048]"
17,"[0.010770851080033592, 0.01495220524878246, 0.01802569697887412, 0.02303515715154083, 0.024237295748502512]","[0.02709199863594681, 0.030951180514019457, 0.03812868887565504, 0.04147424260181197, 0.04471534337971494]","[0.017291214836852146, 0.016198892142912067, 0.02002558944126206, 0.022767245979378826, 0.025412810661633936]","[0.022857555643374515, 0.03792261911437581, 0.037333657459504586, 0.038941960834073065, 0.04404839638461777]","[0.018589790093218057, 0.02683936579554777, 0.02842796573727187, 0.03219361226403777, 0.03879487585758607]","[0.03367228156015191, 0.04152268614752484, 0.04378692343968554, 0.043404402600277156, 0.051663712815300265]","[0.030952785432799015, 0.028051964494561432, 0.027433581773914067, 0.02869743666293968, 0.03361104242843912]","[0.037165697026231743, 0.04165020716302768, 0.04198965907450962, 0.049441698659301134, 0.05350461156275211]","[0.010196207805246571, 0.01239584432326509, 0.014331166208722445, 0.016862748711444244, 0.019404675494868382]","[0.028982617272918478, 0.044654174393421925, 0.05948435337125906, 0.07343124252256075, 0.08776202882557449]","[0.0171768296546053, 0.02670963740267061, 0.024451308908012757, 0.027032976413644678, 0.026771604194412723]","[0.029452513686353914, 0.0451407717437217, 0.04384806699159876, 0.04620022913040159, 0.04904988803091705]"
18,"[0.011143707063445609, 0.01531036911485638, 0.018539618451104214, 0.02001397837339027, 0.023018998530792024]","[0.02673220467247515, 0.03243678365374969, 0.035674650472102706, 0.041251261201087436, 0.04537215602616033]","[0.011614775735157625, 0.015617782149269769, 0.023827779766244804, 0.022556679573003446, 0.025081082467925883]","[0.02356226236315976, 0.030947874456293687, 0.035816951462473434, 0.040054763328984305, 0.043064307874892696]","[0.018076707050294176, 0.02583679426481637, 0.02707202715574366, 0.03055324568176833, 0.036953069130477835]","[0.03203756538037645, 0.038557683128708276, 0.04213415527495255, 0.041298389308520256, 0.04929124460298427]","[0.028689200876000073, 0.02683701166924914, 0.026235936703910796, 0.027889046537510443, 0.032194890859825756]","[0.037211938963274405, 0.04011735229167079, 0.03992943053947523, 0.04257571231868376, 0.04595982405371966]","[0.009886360595228932, 0.012652880028357157, 0.014812680546869794, 0.019407201260504492, 0.0202575113227913]","[0.0297887022082304, 0.04012292122758756, 0.05490211062796826, 0.06347465276912789, 0.07910173737048797]","[0.03028292173208183, 0.01989515121613274, 0.020333397657823583, 0.02684018261004511, 0.036448923401964775]","[0.03574998338230501, 0.032183212007516324, 0.03578851772599779, 0.0499431069304125, 0.05779303246452556]"
19,"[0.00993382371174884, 0.014104369522519406, 0.017284124057942503, 0.0203042791768983, 0.021889406341341514]","[0.025985459104561622, 0.031865705321016034, 0.03568204410516314, 0.04387496141420247, 0.04445301688048196]","[0.011811312191334862, 0.0156932771845044, 0.019099689192853358, 0.02187218210877064, 0.024819321253246072]","[0.023145396086548253, 0.03487304893805582, 0.03932351110504073, 0.04013693812958083, 0.04416382908783118]","[0.018554491533655484, 0.025590568129669023, 0.02630559172128428, 0.029217289239244205, 0.03479451382736727]","[0.030557563459653717, 0.037067389132376456, 0.04099160804659774, 0.039749855485247454, 0.04752414293463521]","[0.03044549106227565, 0.026613481668309857, 0.0261941468456143, 0.027551718975888498, 0.03291083567679733]","[0.03668369467570238, 0.03858115630106315, 0.04206882266962205, 0.049405833290238274, 0.05322322987458037]","[0.01048035446881793, 0.012187465615168794, 0.014370802849827426, 0.016837380766517408, 0.01870997519855144]","[0.029127089156896394, 0.03765413537735832, 0.05100883036241088, 0.05309262877789837, 0.06741947145311064]","[0.012925153450959742, 0.016680708481141414, 0.018807895549410668, 0.020932461537095156, 0.022741116106252648]","[0.027584270499673366, 0.03429384290084967, 0.04118786704736068, 0.050437291651397834, 0.051008103040001224]"
20,"[0.009893528870328613, 0.013530314987409045, 0.016631749258500222, 0.018989005738159495, 0.02134700979554118]","[0.026507151620051992, 0.03623548628366761, 0.037594891411887675, 0.04653596632641183, 0.04558737764979705]","[0.011806064033887518, 0.01646916257354143, 0.01894472766246178, 0.02132406732740056, 0.02434912254661187]","[0.024415786047241338, 0.041215715547003755, 0.04076946611822348, 0.04263036092231315, 0.043945257247804376]","[0.01758839001030931, 0.024384298896362674, 0.02544913718945356, 0.028250253365390714, 0.03353650989426228]","[0.02874706961416427, 0.03520671630126597, 0.03946910414989229, 0.03811204061245803, 0.04575089606276052]","[0.026250097373341132, 0.024075746455022314, 0.0248914320282649, 0.027021623212337587, 0.03173451742079951]","[0.033635721985129596, 0.03759775931238863, 0.040586896525618185, 0.042010374346896924, 0.04662883281856091]","[0.009687575240113619, 0.012381627634539396, 0.015611272333018834, 0.015624375572248704, 0.018845490399410903]","[0.02974140877422107, 0.037700021178674846, 0.04887047258150013, 0.05310389512513339, 0.06766937390858972]","[0.014493201556060192, 0.016959572635234642, 0.018411719166092383, 0.020355348192482293, 0.022361730939414303]","[0.026908052447247015, 0.03412522349869859, 0.03870271624865618, 0.05305838733887093, 0.0501197214645049]"
21,"[0.00988346502531899, 0.013470882145657451, 0.01635810731876853, 0.018698456765102827, 0.021153417022560416]","[0.027108961975952542, 0.03347549479361525, 0.03740241430040346, 0.04601160953798145, 0.04484083131544693]","[0.010921516898122104, 0.015443339525908087, 0.01890887187864425, 0.020744188390752996, 0.023395932397805425]","[0.024785462202891746, 0.03374643431164083, 0.03757176417852893, 0.04513382794117469, 0.04595722133156307]","[0.017028701185841467, 0.025542300232041126, 0.025445449393689236, 0.027927460553943684, 0.03298883397700645]","[0.028441879799399702, 0.036622738940847874, 0.03890575095170588, 0.03743016168666929, 0.04542633075243567]","[0.028194083884254796, 0.025581302269429097, 0.02555216149100144, 0.02714093664439924, 0.03259679250838048]","[0.03795713083429704, 0.043848468671838996, 0.04568212503557248, 0.04245466351173741, 0.04679269388925696]","[0.009997008657648718, 0.011850163591345603, 0.013550903388940853, 0.018816124751323167, 0.023304303416714005]","[0.031733054008594795, 0.03686363901074704, 0.046223442784227305, 0.05392068412566873, 0.06895513362990477]","[0.014088348397851714, 0.016399485337731248, 0.018768925700306565, 0.020711710198434822, 0.023078385022507565]","[0.026438525158401494, 0.03426373887492259, 0.038248274783801633, 0.04577295458489, 0.04772611147177279]"
22,"[0.010297112524227893, 0.013108203558536017, 0.016175418628118728, 0.01885668385547245, 0.021253300772213934]","[0.02683836278512527, 0.03364113997451397, 0.037422706982908234, 0.04552477904123344, 0.04558260231732939]","[0.010492281341202107, 0.01403315019325473, 0.017370594114397474, 0.01981835062330297, 0.0226772413069805]","[0.026135700298910425, 0.03977170429990469, 0.040382550270320505, 0.04726817880027949, 0.047126965359906944]","[0.014436984670127056, 0.025624015345074025, 0.024515293521606998, 0.02672165553751614, 0.03134510666999818]","[0.026275652424810968, 0.036323057744885597, 0.03704741704154902, 0.03551623084431901, 0.0433792156076892]","[0.02827313586789324, 0.025869724818475694, 0.026701104413218883, 0.02770865658571544, 0.03167438801465656]","[0.0407725683534556, 0.046144855141082214, 0.04187074673398313, 0.044263204963321, 0.04903216097464142]","[0.009848844428777863, 0.011574371925480297, 0.014003998378739245, 0.015743953125939104, 0.019858701211506707]","[0.03052421223961982, 0.0413109179305476, 0.04653543332290059, 0.052559635502660546, 0.0680168492686638]","[0.015169950973121885, 0.0165255894139263, 0.018733611805120495, 0.020249329057739098, 0.021817038612742725]","[0.026176729254554047, 0.032707590718164724, 0.03858541761208576, 0.0482636042907911, 0.051975367157109716]"
23,"[0.00999626436667198, 0.013116992950459247, 0.01701539408648985, 0.018649557648013536, 0.021278255661584956]","[0.02833914269830899, 0.03402097678968286, 0.039765777703255796, 0.04569497720540232, 0.04584337116137107]","[0.010619283462422252, 0.01456523663694365, 0.01731327017872237, 0.019910093472986518, 0.02260161736097053]","[0.024998264848031904, 0.03375165501174303, 0.0388794137172489, 0.04867809229661909, 0.04704368961716536]","[0.01464250279534379, 0.025643784335266904, 0.023870581069760557, 0.026099257304219945, 0.030173493464925465]","[0.02784526754626234, 0.03714241751581148, 0.03547704179821493, 0.034300050054966884, 0.042140586063361025]","[0.026287780978428623, 0.02396987696437925, 0.024939356523532435, 0.027122870241249028, 0.03128477552415326]","[0.036839628808532796, 0.042512627568706426, 0.04072644846826346, 0.04553008060623415, 0.05056972399347092]","[0.010369773896258507, 0.011264453314811643, 0.014160758880675995, 0.015158584316687766, 0.017460471909260457]","[0.02930192478954909, 0.035330252870607017, 0.04462780253910551, 0.05843895286189799, 0.0746174066638761]","[0.014341714737748642, 0.016279124525040337, 0.018507879188803995, 0.020372963675181835, 0.021911579622680862]","[0.02833526444259663, 0.03335612534725571, 0.039064871560844705, 0.04559454205089405, 0.05380550265846281]"
24,"[0.010247633396512761, 0.012677534075963495, 0.015838355128727465, 0.017964520931980164, 0.02028684943684298]","[0.027064959068995965, 0.0346906934600631, 0.03720620258292478, 0.04479284099432935, 0.047570797605585184]","[0.01025846439771492, 0.014410742355294215, 0.01685404253504729, 0.01920785635594029, 0.021705317220984944]","[0.02706226674992559, 0.035566523133746065, 0.04140988279785009, 0.04972683460249545, 0.04801896109530594]","[0.013456533256724577, 0.024446612742220375, 0.023336858837288404, 0.025653770099558618, 0.029710029025160883]","[0.025605126827069256, 0.03384765631490783, 0.03607461918514302, 0.034388476604495406, 0.04281489402673474]","[0.031198780803602902, 0.030726140147515874, 0.03261029438470709, 0.03223134317563314, 0.03857626592007787]","[0.037119168413563296, 0.04393764293452167, 0.047352160282698466, 0.04584189045091167, 0.04920829890212741]","[0.009817828262502675, 0.012239285536552826, 0.013819691467765016, 0.015080352524522635, 0.017385998972383753]","[0.0326327111456606, 0.03691396430857047, 0.04558412076088202, 0.05457543094722156, 0.0690585416035513]","[0.013589183263505474, 0.01553727879552, 0.017268319784308674, 0.01876534115898249, 0.020548396075629378]","[0.025982807121668356, 0.03353466164156206, 0.03790790418646933, 0.04604146909442278, 0.04930384994901004]"
25,"[0.010085587043921719, 0.014440144503014566, 0.01612496310592658, 0.01832859148760257, 0.02103991283363907]","[0.028353178110662836, 0.03409101834012328, 0.03900294495175147, 0.045821523787351964, 0.04929129970957104]","[0.009902868109965057, 0.013556075494633425, 0.01657381848566058, 0.01879712013410962, 0.021506527620290167]","[0.023942037233229924, 0.03651109154184797, 0.038904432592080436, 0.048128340348361505, 0.04643123652003843]","[0.013615244059419484, 0.02194491047054296, 0.02245089263901464, 0.026005645043298598, 0.02917954433855478]","[0.02390627660251147, 0.030546670769031878, 0.033452019982304314, 0.035505733568066904, 0.04369068763700104]","[0.023031302280451874, 0.0228224080960714, 0.02488164336980899, 0.0269244570931105, 0.0314968385249354]","[0.035116328253133114, 0.04306551908724708, 0.04957620649148744, 0.05057604215303223, 0.053226414591354014]","[0.01068564958303112, 0.011390698798777058, 0.012789632233534501, 0.014941863049607877, 0.018331051080559966]","[0.03138536835150996, 0.037548154836419594, 0.04646245681645798, 0.055493043619622005, 0.06902882667437503]","[0.02510181121911485, 0.03503535359105265, 0.03814694686625428, 0.03734300832934105, 0.04313718460145944]","[0.034121387000992, 0.04503262795527471, 0.05023935996467552, 0.049978851392461325, 0.055745510245496725]"
26,"[0.010357119841336531, 0.013907805428056379, 0.01779854950713375, 0.017690633915001492, 0.020073025420417098]","[0.02856784243033619, 0.03362468085188085, 0.039384874496687164, 0.04463926064403252, 0.04849966701612661]","[0.010437031322466069, 0.013713314319798999, 0.016204237905204675, 0.018744992898402306, 0.021402329746914965]","[0.024957549825216894, 0.03548857202307745, 0.03845401546692543, 0.04946856920971494, 0.04548531557533021]","[0.013040475570731826, 0.02563615649374224, 0.022338029707289056, 0.024571587896852997, 0.02992978744913266]","[0.022623383608266982, 0.032754367719297205, 0.03297529081032446, 0.03903302131947644, 0.0467160259489256]","[0.02785048884625449, 0.027119702095909918, 0.02656596992685242, 0.026959601394676302, 0.03184147864723988]","[0.035548684602546475, 0.043579511110004875, 0.04219945392975387, 0.04646009223926088, 0.05231384886875138]","[0.010277322491083915, 0.010874746114383736, 0.012535709022701612, 0.014283876513685189, 0.016477152535329227]","[0.031238494903195215, 0.04149669025953378, 0.04709312114377819, 0.05469938803158593, 0.071637474490628]","[0.03701069589550807, 0.06658042295515633, 0.056470564378620636, 0.04872050484901324, 0.047675753883250724]","[0.04297679646871659, 0.07447793940168074, 0.07564101274895789, 0.06874404623552549, 0.06553233951802637]"
27,"[0.00904417192282661, 0.01270911902364339, 0.015661029995952726, 0.017867251938762815, 0.019577261817185394]","[0.03362359024507434, 0.03398909220220646, 0.038002965288492035, 0.04659340370606279, 0.046626321078423925]","[0.01012842004070117, 0.01311266370078624, 0.015901077254486858, 0.018556076079054896, 0.021255052280910684]","[0.02421168350502792, 0.03897630860324102, 0.04102614969912118, 0.047003040169418024, 0.045855775395553994]","[0.013368587582021694, 0.022245523812315843, 0.02232119221443195, 0.024152989355018126, 0.029370072394471026]","[0.027892854542707363, 0.02943137148189014, 0.03287415228698868, 0.034814839393826034, 0.04077399396782677]","[0.027265783563007406, 0.024927890522153776, 0.024372036528824564, 0.02702845236529679, 0.03035538205538942]","[0.03966288993045001, 0.04981743623419303, 0.04543504754053286, 0.04508409388922128, 0.05058603130154238]","[0.009421978287647329, 0.010875821527383072, 0.012608091290097415, 0.015155704549706274, 0.01744402454964049]","[0.03297440198655847, 0.03899652152826212, 0.047502606051055614, 0.052761223742665585, 0.0654668694278667]","[0.024188505802054363, 0.041031560456319574, 0.034964719870933275, 0.03384785311830565, 0.03632199185939379]","[0.03258354094942339, 0.051052345822163565, 0.044983222306083176, 0.04715783208611818, 0.04926635040751815]"
28,"[0.009272865230835552, 0.012172140101094254, 0.015057220023423235, 0.017378512796070524, 0.019369117296922204]","[0.03244129827080436, 0.035159626014071146, 0.04048910735103134, 0.048909135143855136, 0.04738024959041575]","[0.009599705022118094, 0.013072306925877623, 0.01592044791372165, 0.018206861190983054, 0.020631101854014792]","[0.02385070417320579, 0.035601640009114366, 0.03799721288146589, 0.047316593935150815, 0.04601424187364769]","[0.01260041581813919, 0.017466957223389156, 0.023107924776616474, 0.023618355899229494, 0.029059383136634163]","[0.022846925557133572, 0.027046759108919766, 0.0354192370454564, 0.03546698959384051, 0.0401815352937964]","[0.02672639470340419, 0.02841355606508906, 0.03362466430968578, 0.0297061359561733, 0.03487358285307492]","[0.03290382828384841, 0.04615832656909132, 0.0475006172676447, 0.04633742019065865, 0.05119581926615232]","[0.009219671040864737, 0.010691181405739766, 0.012867360849309279, 0.01535477806788342, 0.016682668927577433]","[0.03113720857939998, 0.042654047301070835, 0.048247649049048304, 0.05851385172256993, 0.078762966427787]","[0.027080184441752825, 0.03711756774054795, 0.023249189988535965, 0.024575245820807317, 0.02719006933993612]","[0.03579836807255637, 0.04658767615737365, 0.0417177459808332, 0.04456726094630312, 0.04366626481103479]"
29,"[0.009140150560680523, 0.011978305648494055, 0.014762061978638047, 0.01697482443297037, 0.019246680569152682]","[0.031206743226088362, 0.034597618186176085, 0.038414990612304634, 0.04915144279858028, 0.05019372825121337]","[0.01135081114540777, 0.016611785490034493, 0.01719133312734864, 0.019074969944483024, 0.021474535660372787]","[0.024437616037814712, 0.040480794197976865, 0.04128322658732567, 0.0460817028335983, 0.04705383095135315]","[0.015336260919257017, 0.01619436961687283, 0.020546735136759402, 0.023070508722048164, 0.029190780589584554]","[0.02969644949642521, 0.029613246536004192, 0.03408396977951254, 0.037547997101079124, 0.042211871085581484]","[0.026282824645318205, 0.027508939360775527, 0.02763764668324596, 0.026826119091975242, 0.031245224899513403]","[0.0350315798723197, 0.044546617545247615, 0.043928481806809645, 0.046480359785699435, 0.052422616134671945]","[0.010111038726724513, 0.011143393347098485, 0.012093396674863187, 0.013653552595795374, 0.015728037193670046]","[0.03004680271644114, 0.04048805105060458, 0.048241962856923365, 0.05667487754242605, 0.07716418469696268]","[0.029510452404591894, 0.03185434592416762, 0.026625360402858747, 0.026511163272525798, 0.031705925055824896]","[0.032234598500987, 0.04043888495694464, 0.03955605943087676, 0.042878441948441606, 0.04375940755482307]"
