,LSTM Train MINMAX RMSE,LSTM Test MINMAX RMSE,ED-LSTM Train MINMAX RMSE,ED-LSTM Test MINMAX RMSE,BD-LSTM Train MINMAX RMSE,BD-LSTM Test MINMAX RMSE,CNN Train MINMAX RMSE,CNN Test MINMAX RMSE,Conv-LSTM Train MINMAX RMSE,Conv-LSTM Test MINMAX RMSE,Transformer Train MINMAX RMSE,Transformer Test MINMAX RMSE
0,"[0.025707890101090845, 0.030759904776008328, 0.03532766410706536, 0.03983596083156151, 0.04332771667278939]","[0.08394914884079106, 0.09073601989010428, 0.09143029628596455, 0.09768588011834185, 0.09996550438804137]","[0.026020795299501246, 0.02985509528413588, 0.03391692848521331, 0.03724734878764173, 0.04047178924425806]","[0.05932998185454412, 0.0617041436384285, 0.0638264770243815, 0.06598009615028214, 0.06778316531927428]","[0.023829207761735586, 0.025409864751004253, 0.03071095859915075, 0.033620950135710946, 0.0388651980787892]","[0.052687596073923086, 0.0425768897628066, 0.04433324234094537, 0.04435220633815714, 0.054805620114898174]","[0.03133411924313512, 0.03388833618711912, 0.0365153215294287, 0.04416352032902799, 0.0579651980189743]","[0.07469729951769144, 0.14236889611337994, 0.11697040690688429, 0.09925071960561921, 0.13291289170393525]","[0.01930003502416756, 0.026111830594224096, 0.03235466818524314, 0.03334686522682955, 0.037495225627500885]","[0.08083764236079694, 0.07294781838629477, 0.18747813080104156, 0.49511826222564975, 0.6246545716910912]","[0.023170749105450902, 0.02849585200363396, 0.0340082310121716, 0.03860405739293574, 0.04242731105725001]","[0.11294004092738553, 0.11630808934320847, 0.1177033908500512, 0.1261162737320102, 0.13317685947974703]"
1,"[0.02274438495287947, 0.027669763757098523, 0.03424483243331069, 0.03875905146687231, 0.04175342150275611]","[0.09219857134033979, 0.09455898865903896, 0.103945273916934, 0.11025339102995184, 0.11364013797156194]","[0.025355251156105707, 0.028676293771708557, 0.03254232174807163, 0.03594486117546026, 0.03910176767234812]","[0.06315662075059443, 0.07416840436660666, 0.07140913518225843, 0.07306951004870332, 0.07427857381106535]","[0.02231058564404763, 0.025768225891163638, 0.03127603286511825, 0.035352693393135314, 0.04038140702351773]","[0.051767541070034936, 0.05112043466999378, 0.05428026562025801, 0.05370516554345039, 0.06786273640668436]","[0.02273073849904693, 0.025846394913588262, 0.030332751563165637, 0.03426092746784642, 0.03815931650519078]","[0.07783105316530475, 0.45569201068952886, 0.6388555225252841, 0.08333348402763394, 0.1392379708629646]","[0.01920187464743409, 0.027809599803025168, 0.03285525711896702, 0.033881405403800996, 0.0368732388913729]","[0.06523754484650184, 0.07125275172470395, 0.5227154095059954, 0.7480220534681654, 0.7860382394659918]","[0.02219722824957275, 0.024118988388415013, 0.02707949480576066, 0.03049179483134689, 0.03696046554986715]","[0.22375153031654452, 0.2289218415303678, 0.23596038699772653, 0.236082145830551, 0.23550184495993493]"
2,"[0.022320455490512724, 0.02718519919057161, 0.03389158021786719, 0.03825624039407055, 0.04132797540108101]","[0.1242432495877153, 0.1253313101395536, 0.1313261036733702, 0.13160606730662125, 0.13850919972732328]","[0.023234464774677926, 0.029792159050707513, 0.03306112138472799, 0.036405416143966064, 0.03942674151500616]","[0.07028055574786335, 0.0924904636986804, 0.08623492481221273, 0.08804209010092044, 0.0883968779306244]","[0.021104644392072044, 0.025599029075699786, 0.03136036465290885, 0.03423799157938603, 0.038651677549105624]","[0.05185964894345308, 0.05592624176378485, 0.05855841500522696, 0.05854542616169641, 0.0737063744884303]","[0.01947882139313535, 0.023359289380603138, 0.028040844832242225, 0.031196728602447998, 0.033734799347990695]","[0.1085231970962706, 0.3489091028440924, 0.5992283435657126, 0.1132356308236733, 0.13685153343277767]","[0.01920972071852959, 0.03127325797197814, 0.03705303970906291, 0.03367880435739427, 0.042233265073024745]","[0.04747005995471136, 0.4249413234852832, 0.7317416436773035, 0.7585066644524803, 0.8161961902696498]","[0.024257249119335803, 0.02373040467717135, 0.026786672314393387, 0.028621080040940956, 0.0346109084821949]","[0.2206942312178398, 0.220877459686296, 0.22952312022683413, 0.22830905237646784, 0.21981361245524095]"
3,"[0.024360659687762777, 0.03035470211141327, 0.03772166907909454, 0.041838861424359906, 0.045109742102913276]","[0.18050377253930783, 0.18438346886685134, 0.1907029876050333, 0.18726202072101888, 0.2114111992050045]","[0.021745601939216586, 0.03022134181894273, 0.03478491388799164, 0.03776849504514785, 0.040863178093174614]","[0.07860550485224875, 0.11874947181421806, 0.10658841024685276, 0.11079925961871723, 0.11019644297321711]","[0.020410309911238402, 0.024953212036731492, 0.030800978608613364, 0.03392247506048826, 0.03793133552242164]","[0.055929971498623894, 0.06097566410465095, 0.06261096991601577, 0.06265186026733285, 0.07831503445288782]","[0.019097898583755272, 0.023208849462155814, 0.029921389933924795, 0.031592194778610444, 0.03226590927739153]","[0.09859081343521489, 0.1198609558686033, 0.11712862534049276, 0.1066663741119081, 0.11951407407504148]","[0.01678443319535907, 0.02195578683710767, 0.025259435293798004, 0.024272163113048965, 0.028871030952775795]","[0.044100352304374625, 0.5460119529430935, 0.7447429856437767, 0.7372704929094788, 0.8118786388977997]","[0.021222346351040502, 0.022120281242672086, 0.01986073091973968, 0.022120208825810263, 0.033310092713597764]","[0.21976617360380782, 0.20107152659157482, 0.20954724127472513, 0.19035261040103976, 0.16222197540233224]"
4,"[0.023843768613229056, 0.030473796358224385, 0.0372926272180943, 0.042142565582920996, 0.04538676459749815]","[0.19984140039629478, 0.20705338303139031, 0.21699297556682165, 0.2226262751189753, 0.26587679081962556]","[0.021773602832008535, 0.03287596947611078, 0.03896243310160066, 0.04278628022392062, 0.04631837423042297]","[0.07980291423880177, 0.1281368497206761, 0.10764736889407049, 0.10975435979823742, 0.1075126220348295]","[0.01986326509296096, 0.024530616687028713, 0.030450572530388464, 0.033589249372143797, 0.03738250521325469]","[0.059715602955167, 0.06494371533388803, 0.06640101234763952, 0.06577215772065241, 0.08197604554753142]","[0.017982070818881542, 0.022651504073109462, 0.027427854451336307, 0.027643455549662178, 0.030775083888227493]","[0.10353028293330045, 0.10930159283526186, 0.12008796730761219, 0.11054171975064193, 0.12628220907515758]","[0.01922836182787567, 0.024281885492407052, 0.027186473599750356, 0.024919809302752623, 0.03045369419630501]","[0.06293347908734997, 0.061498107469420374, 0.74122129225349, 0.4505981103500121, 0.8085415992712591]","[0.02782393891607057, 0.024132179945975295, 0.02121940252851017, 0.026051092737339722, 0.027810025607295515]","[0.21573749292808037, 0.21303384385511054, 0.22076235794840418, 0.20424390602027406, 0.1802190733271782]"
5,"[0.02384086485769773, 0.02966804684943475, 0.03659783986567368, 0.04165438032101805, 0.04519785037572264]","[0.21445779647427454, 0.2246635636404441, 0.24818495973755697, 0.24688757600724812, 0.271061369566734]","[0.023257261809291132, 0.033935649187380644, 0.04102002242765199, 0.047782188713749195, 0.05311456984253202]","[0.081331952425822, 0.12057422360840706, 0.10522349951493727, 0.10219650647895753, 0.10034585877392774]","[0.01929089808836952, 0.023987373535107704, 0.030107539966090786, 0.03344247782859642, 0.03710034431215401]","[0.06257934935965126, 0.06818204572322326, 0.07046691314712722, 0.06902332002863869, 0.08536328527307281]","[0.018200392662972686, 0.022175876211136064, 0.02771779347932878, 0.027914577661624484, 0.03360280647199146]","[0.10597462148755725, 0.10761148157392532, 0.12187882209513283, 0.11382210445028099, 0.12415614900158946]","[0.015987798357679703, 0.021442522617469383, 0.02233588195258531, 0.021179632121941076, 0.024284161650913964]","[0.09426054516970649, 0.10011399255535998, 0.1322664695960087, 0.13569033927470225, 0.2958947216792991]","[0.012870198272501706, 0.016693148896082633, 0.01456511623223357, 0.017063076669050138, 0.017355274431657335]","[0.23104017482619021, 0.24625450929443712, 0.25827390168410413, 0.24234057013047758, 0.22189926745764627]"
6,"[0.02428207785262173, 0.029749429012120784, 0.03728377186932738, 0.04235586176570226, 0.0455653121431834]","[0.23988785571121723, 0.24870997701264785, 0.2810947427727472, 0.2589465492838549, 0.2545063983827737]","[0.02548001717311097, 0.03756148616155734, 0.0467298928493994, 0.055202502504939174, 0.060239684516874836]","[0.08785448240581593, 0.1200862900645927, 0.10793794147416925, 0.10396860035324577, 0.10222428649216837]","[0.01889524565887497, 0.023740871586088997, 0.03004396062345419, 0.03331727641537788, 0.0367943146359632]","[0.06525403649945498, 0.07210747200764835, 0.07464435393035372, 0.07250185458037307, 0.08903947634540496]","[0.017613055505428063, 0.02095398022864445, 0.023614669457912154, 0.0247663474465528, 0.028097952994740646]","[0.0956486002868979, 0.11292637884352767, 0.11995181264586512, 0.10832867520187832, 0.11903981336760429]","[0.01879374492118912, 0.021937981067649798, 0.0235284765678792, 0.0263193110130103, 0.03304749302603816]","[0.09964823605955088, 0.1297535941535184, 0.14587134616750394, 0.1347939467306607, 0.11684103074926055]","[0.0127004782282994, 0.014440845505271381, 0.013795734949500212, 0.01492558392170533, 0.015551063402949579]","[0.25243124075239964, 0.2696225571286444, 0.2694729735364617, 0.2507674790508432, 0.23577236757838443]"
7,"[0.023867574578907147, 0.028911282559305418, 0.03616992653023146, 0.04204913914553105, 0.04559697457068966]","[0.25584498144279055, 0.2681109838565439, 0.2676052764750696, 0.255639584219021, 0.24472260584634808]","[0.026545602576434634, 0.0352902317268041, 0.04352855166185819, 0.05111983820786557, 0.05582493175741616]","[0.09731805318882868, 0.11703299477852157, 0.10982974172983684, 0.10615297741313193, 0.10458737204273728]","[0.01860039489266597, 0.02396582517890518, 0.03027662031132645, 0.03360247098586209, 0.03712825360461637]","[0.06750924597979559, 0.07758371364399298, 0.08117598292595793, 0.07767404751305583, 0.09511725537393106]","[0.016748420141724202, 0.021705058098095822, 0.02677634131168033, 0.026236759558486984, 0.029189922888333455]","[0.09227938361938524, 0.12027587312247706, 0.12009641413830666, 0.10492678286037384, 0.12047758577563229]","[0.020119372696305367, 0.02184032391253072, 0.022287856213840763, 0.02340761193743153, 0.026243603697688016]","[0.08342214400332058, 0.10773219421304327, 0.12836988401657634, 0.1542157142952309, 0.15621397340552065]","[0.012468953905804391, 0.012490331341070672, 0.012843911110616404, 0.013775950097825384, 0.014649635946006167]","[0.25592326550549754, 0.27769066152770866, 0.2801573115105085, 0.2629676171353857, 0.24933427177714332]"
8,"[0.02449840473479793, 0.02887067112465796, 0.03536586089528028, 0.040362863923240684, 0.0444361646053052]","[0.2623626331103439, 0.2766621899245403, 0.2607660846820103, 0.25020432124795217, 0.24316257725527615]","[0.026424062285972563, 0.033876803804344706, 0.04094032676671864, 0.04707908133885856, 0.05204652259855813]","[0.10609133554195549, 0.10685981157702115, 0.10554762348975745, 0.10254363173174535, 0.10155310988535501]","[0.018438240238204624, 0.02437511358316502, 0.03057927612319368, 0.034032131563906505, 0.037460222730605855]","[0.07012404133085444, 0.08783974948168231, 0.09314451016559806, 0.08647412704978148, 0.10862642180923188]","[0.01664353314423439, 0.02050246380450188, 0.02300525148442683, 0.023971811130117898, 0.027300519417137306]","[0.0894313569548342, 0.12363000302965621, 0.12288386527067961, 0.10168032629822941, 0.11783074053437047]","[0.018001187776889378, 0.01838069319541094, 0.020949411193471094, 0.023428011345408926, 0.0238634401667244]","[0.11723216441737787, 0.1240411167490925, 0.1227295542879662, 0.6755714461496604, 0.6970389813021336]","[0.011607212897208693, 0.014655529424815536, 0.01576467625445064, 0.014823537735854769, 0.016492378186453768]","[0.2701233350027053, 0.2855074808984455, 0.2818944339633216, 0.27083783092472496, 0.26477739531489497]"
9,"[0.024556032042619035, 0.02843879802389435, 0.03467825554869192, 0.040300445805939444, 0.044653544461351474]","[0.2667426102108011, 0.28228227736147626, 0.24865289096533583, 0.2552667542259158, 0.24011849842962074]","[0.023899199929671197, 0.028190491186610257, 0.03359261091359676, 0.03772726292725037, 0.0414480762311891]","[0.11884765291003764, 0.09840665675432184, 0.09845728856428827, 0.09344035225660675, 0.09156766314699252]","[0.018585796842465276, 0.02507007698767579, 0.03129949166124947, 0.03481196185870069, 0.03831648562370735]","[0.07551912800783682, 0.10606918117927745, 0.11755166155597821, 0.10648912138869741, 0.13530237124298886]","[0.016162289010411415, 0.021415862564861422, 0.028112225966011088, 0.02520721504241904, 0.027801071827379654]","[0.09256822143869771, 0.12385661482593734, 0.11825593717422654, 0.10338833470871565, 0.11941273197392137]","[0.01828622680420407, 0.017589199101771008, 0.021109977819639386, 0.022622577627563083, 0.024658188846485265]","[0.10172377587716455, 0.11872826338163243, 0.7790588398365033, 0.7953749815726741, 0.7984562751033645]","[0.0379700923788589, 0.041514324591666305, 0.0441672340458159, 0.04669577173757393, 0.05563180065896938]","[0.18442417766328317, 0.19308507247296727, 0.1951752792650919, 0.18788914818071117, 0.18276616578969773]"
10,"[0.027154477585297727, 0.03082581043847546, 0.037088526454601214, 0.04261086674989937, 0.04685183443811631]","[0.2636970602765192, 0.27650188616105487, 0.23868608176694225, 0.254034016962249, 0.24229579494277703]","[0.025728867749398216, 0.02855826179912571, 0.03559522527681659, 0.03995899364595553, 0.043892636967506664]","[0.114799174183196, 0.0832585591357729, 0.07687336995865057, 0.07203093800965447, 0.0710800317855501]","[0.01899443765541104, 0.02577928733447014, 0.032257806457836415, 0.0358748813839532, 0.03899436841709594]","[0.0827168179562545, 0.13399671713583214, 0.15470532375236784, 0.14241932092916937, 0.17770323838690383]","[0.01592243115344711, 0.019836147725018283, 0.02343837592453875, 0.022938408146985577, 0.0262384172697148]","[0.08506943660095595, 0.12920099247065972, 0.12635320740691663, 0.1060502427715343, 0.11737097637948495]","[0.019481062557268763, 0.022785593460809776, 0.03203579682292166, 0.03559776713455799, 0.036123996888868325]","[0.2500246177147778, 0.466252713856954, 0.8266334611796041, 0.8277377375408786, 0.8175363551770272]","[0.011548404743329417, 0.010408971387666563, 0.013139728825700026, 0.011555679990636638, 0.012105824111423445]","[0.26464646314314455, 0.2658289033758625, 0.2772552531714016, 0.26644329464562383, 0.2633212266075445]"
11,"[0.028637210215328442, 0.03076563439533042, 0.03742375982321784, 0.04547321455176368, 0.05069271790792499]","[0.2507642076308475, 0.26397547449333475, 0.23447324091796617, 0.24988860460195575, 0.2552079400281357]","[0.026317434963131332, 0.02749607005464352, 0.034539318828562385, 0.038475552973540335, 0.042131106032116346]","[0.11559772075554978, 0.08419740984098216, 0.0675916291149588, 0.06481642592013519, 0.06581822035329493]","[0.019184363167926377, 0.026131830921022052, 0.03296322239165554, 0.035630351585985286, 0.038819078648856635]","[0.09137651233442706, 0.15950473651267585, 0.20106926405745346, 0.187788710145502, 0.22491535526071074]","[0.01632495467625853, 0.021480736736992696, 0.024774118852783526, 0.023581719076061592, 0.026441390021698246]","[0.08505620242619423, 0.13828012246249335, 0.12724428515942005, 0.10855269674573889, 0.11999699687649838]","[0.014295047048457703, 0.015126461294589073, 0.017090820969022456, 0.016729384731482912, 0.019549810872066628]","[0.11571040683254893, 0.31932797895094583, 0.8249271912910705, 0.8287568618338176, 0.8186109336597915]","[0.01028065425421451, 0.010805521926490567, 0.01096687067789274, 0.01111205640438746, 0.012299014595104399]","[0.26391720105957756, 0.26558081713357773, 0.27586739357023815, 0.2681990326362388, 0.260685342438976]"
12,"[0.026712590340829644, 0.028092084130068484, 0.03480772396360452, 0.041259622296662135, 0.04624955776657684]","[0.21850308405562988, 0.2264295975106028, 0.2278928736848959, 0.2432398936626695, 0.2612865720233429]","[0.02562548009831673, 0.024475602109960283, 0.02954077737131901, 0.03278213518888042, 0.03607169691807219]","[0.13583419848289421, 0.09585081746833218, 0.0723238696517969, 0.06891379835897045, 0.06937152986165099]","[0.019088960043022345, 0.026082820223303348, 0.03282547764247854, 0.03516513632096222, 0.03837051437833504]","[0.09867762154062484, 0.17925534184717398, 0.23003948315170503, 0.2226986974772334, 0.25575092416649653]","[0.016243327648925148, 0.01976300507509864, 0.02151913008507069, 0.02399065621315978, 0.025871724355720296]","[0.09716295575554561, 0.13055792806781136, 0.1288641298928313, 0.11986240405912886, 0.1308096581049153]","[0.013705000117913145, 0.014112359180355085, 0.018372789059664302, 0.017263716850371532, 0.021351047273205064]","[0.1156818785185496, 0.10008646065834977, 0.821913228084643, 0.8276247024332966, 0.8237363722528046]","[0.013445342870299077, 0.010862494943772946, 0.011369109489178188, 0.012224054248544737, 0.014216037057715854]","[0.2793255015023337, 0.27075266962945926, 0.2921381563171738, 0.2901990516581337, 0.2830464560664117]"
13,"[0.02489223011030751, 0.02721200364111112, 0.03424958661896019, 0.03769000411288901, 0.043451976185629064]","[0.18865486793938896, 0.2057152798813291, 0.22315080546903207, 0.239784267598557, 0.2585717125123275]","[0.024772857388410945, 0.02371850166284079, 0.02837845957560328, 0.03201970111963366, 0.035674646018033385]","[0.1601034801957103, 0.1055389012933144, 0.07917914754956967, 0.07431447090667392, 0.07385084338757927]","[0.019111420388760188, 0.026073600906464694, 0.03255283092369517, 0.03482150822070759, 0.038154463224828225]","[0.10662948696844925, 0.19874252542951848, 0.28858993586112275, 0.22627149990646553, 0.2815744118239243]","[0.016587192566303453, 0.020178574997889706, 0.02411502935804152, 0.024778156356454823, 0.02819627441284209]","[0.09641174702870885, 0.1391483923592964, 0.1388306515883799, 0.12126163223037602, 0.13368632951375692]","[0.012953201669739414, 0.01319345232959551, 0.017221068559731555, 0.016429297351649868, 0.019723648053632775]","[0.12177092498625029, 0.1143887232327295, 0.8181276547621749, 0.8236608761300542, 0.8253357370191504]","[0.01073657988956305, 0.01031857468601196, 0.011309441093736113, 0.011773441015889206, 0.013261477090277715]","[0.30077927500274865, 0.2855404793193164, 0.3102447816388925, 0.3135047016161454, 0.30588474518643777]"
14,"[0.021335562320079604, 0.020992781241708273, 0.02979556807505966, 0.03265993915315078, 0.03769061938467948]","[0.18782568393441637, 0.21162867272802818, 0.21653273182956156, 0.2322999530887572, 0.2454788642074363]","[0.026041135640076242, 0.02647841039968525, 0.03257577942309274, 0.037611535042666906, 0.04210929177823833]","[0.1654953112195344, 0.10764458540691145, 0.07989781886698422, 0.07469613603324589, 0.07413639086335896]","[0.019085875787452952, 0.025964303472207326, 0.032389547442978416, 0.03468678667318859, 0.03808194413830783]","[0.11204551218029674, 0.2055210675758198, 0.29746332627177613, 0.24803854239458142, 0.2973785036418841]","[0.01605880146520319, 0.018768269104784453, 0.020884889000420955, 0.02280380173478001, 0.02620122905381974]","[0.09898926949670583, 0.1420718097003243, 0.14233662668892103, 0.12450636902073806, 0.1370052454350822]","[0.01297569598214023, 0.01560894755748123, 0.016375851725769545, 0.017175032408472943, 0.021268995892464244]","[0.12705702201676086, 0.11571619256146694, 0.7945574370095153, 0.8094315147081957, 0.8188139704647873]","[0.009628591993755464, 0.00922524230323768, 0.008850495548878522, 0.009789578005461935, 0.010615702989014653]","[0.3240136328413123, 0.31340941386755883, 0.3435272695801971, 0.334682439302574, 0.3263881792042627]"
15,"[0.018348458625104303, 0.01838702108481156, 0.027166956303948463, 0.030901899535646104, 0.03517082004518815]","[0.1804309669174648, 0.20637462101058868, 0.2003835153348988, 0.22530503429072304, 0.19679163806749286]","[0.019170564811380613, 0.020194820718091734, 0.02380644773329807, 0.026821116022913725, 0.030002030820602862]","[0.15969812293798397, 0.11146837238527839, 0.08132723126215961, 0.07464260202477249, 0.0731625945985329]","[0.019399697628265024, 0.026399894854830453, 0.03250535524313949, 0.0349623238461538, 0.038399536763055735]","[0.11786085020909677, 0.22570560454121563, 0.3227444651723571, 0.29198257227560054, 0.3228860440433124]","[0.01616532686744934, 0.019002546651732698, 0.021944321627770443, 0.02281263702533891, 0.026120717837959502]","[0.0983747964827529, 0.14174654398967423, 0.14115941487044703, 0.12269180014373723, 0.13598489460895766]","[0.011437349106016372, 0.01192113580623087, 0.01684270985923891, 0.015152577289883732, 0.018199033515249513]","[0.12935228454348593, 0.12750227043392315, 0.8016825428704963, 0.8138916557213439, 0.821752544758007]","[0.012969696054369878, 0.016088644968911957, 0.014444678927402142, 0.016243225922681778, 0.018167027213947855]","[0.24866348802322075, 0.23869869276320613, 0.25942982977653917, 0.2540040456258398, 0.2619701694741525]"
16,"[0.017014405537867233, 0.020060013163465326, 0.023344124907160348, 0.028304999108204266, 0.043016771000592646]","[0.1926620065423061, 0.19508686507172346, 0.21205129379251386, 0.20627999511151504, 0.1524790034773724]","[0.018977195067019198, 0.019933070951528097, 0.023365033216713498, 0.02644524005663376, 0.029878673050070515]","[0.15991891217709858, 0.11285945226287991, 0.08111187014870302, 0.07436269774407643, 0.07302436219274956]","[0.019302579514110737, 0.02637016655056472, 0.03213951089848102, 0.034559739451331145, 0.03767239209553213]","[0.11950652098744653, 0.22219209329559378, 0.3266033578283697, 0.2850113499969388, 0.3108558915076788]","[0.016327741085074312, 0.019768724680251343, 0.021864943963598452, 0.023967623291917872, 0.026883729437085196]","[0.09552721811630295, 0.13875444497469475, 0.14080123315260876, 0.1181271049983373, 0.13182539601264603]","[0.01171378481222036, 0.013314296996841876, 0.019037221908516144, 0.01771932897051188, 0.021673141982078422]","[0.15390860316762117, 0.1444459134788884, 0.7982900783369375, 0.8150290886021635, 0.8244407615523388]","[0.012237874436089043, 0.01248227375748169, 0.016825127621131943, 0.014181119524023044, 0.01440094842705049]","[0.2785765633820562, 0.27915816764403406, 0.28374910548282495, 0.28308008554474645, 0.28220362673826865]"
17,"[0.018442776694636533, 0.018757529338215204, 0.027442433611438624, 0.030974995528760815, 0.0344636586791521]","[0.18891886099549562, 0.18220047992328062, 0.2166296410483402, 0.15106406147309506, 0.12561348232613423]","[0.024079370808741635, 0.025501894175299772, 0.02986688497081229, 0.032798904630713006, 0.03546379675358469]","[0.19850941246663734, 0.16054041856727988, 0.12453112656045062, 0.11269062219898177, 0.10779477958872835]","[0.018968959106556795, 0.025402234314098757, 0.030950877152207897, 0.033645166484710665, 0.0361101413059712]","[0.11847472275047978, 0.22492941200398275, 0.3194709052840684, 0.2957612325228713, 0.3205809397969272]","[0.015826863867578315, 0.01911811569796368, 0.02311294673136076, 0.023532414123358564, 0.026535177784409683]","[0.1105148849777895, 0.1262411211554623, 0.13227496770517772, 0.12499629483836684, 0.1331450731332765]","[0.01118181689503339, 0.011844311531163837, 0.015682977447991908, 0.013433937241072223, 0.015174074241435154]","[0.2816705161872713, 0.4335373586583406, 0.7753461116975863, 0.7639680800631236, 0.8020395932506966]","[0.008610567679863138, 0.008732217169675476, 0.009227126540239421, 0.010201825332147156, 0.010752197844351667]","[0.27908450884392455, 0.2807300364450309, 0.29609845296151643, 0.28410027999130627, 0.2838205509345713]"
18,"[0.013849342836931768, 0.017350558459245373, 0.021170385130750494, 0.027479778102017887, 0.0383814344727503]","[0.18455323048863595, 0.16958987932301425, 0.23923204805025547, 0.16045707980490811, 0.12433795324056017]","[0.022859276018324475, 0.022736772965195842, 0.025760317879873474, 0.02825676976314674, 0.031203793320441067]","[0.2804031277661871, 0.2766518877392269, 0.2560272245144649, 0.24434743655211896, 0.2387032051369393]","[0.01866406055875927, 0.02502814758651511, 0.03103142744050562, 0.03339689581818443, 0.035613172093365515]","[0.11978173757723941, 0.1999577313746022, 0.2752863062746431, 0.23847918151911265, 0.23283516693572182]","[0.017209538582098956, 0.02075194696976424, 0.022374581996300037, 0.022882928439162165, 0.026913003835223177]","[0.10655953349807318, 0.11953687119525655, 0.12598462190638432, 0.12006706714198627, 0.12848497334885833]","[0.013280848115645021, 0.013716750781526642, 0.01732136974331116, 0.0166485010011256, 0.019718307913209217]","[0.6122042946415157, 0.6137055971879136, 0.7665996002729045, 0.5223074558093974, 0.7971681941774929]","[0.0097278373431112, 0.008779533793898337, 0.010620027580229193, 0.011509450705545357, 0.016121726145235216]","[0.29554294547672183, 0.29234725284952795, 0.303864396609388, 0.2957580874413809, 0.2949181644190419]"
19,"[0.013320539745978837, 0.017017122978239024, 0.021912718372075736, 0.030276039142949508, 0.03441697617194853]","[0.17671516703294227, 0.1691320214028781, 0.22459237649959515, 0.17057237025003552, 0.12477988255010114]","[0.02230336564101949, 0.023148826810975458, 0.027017993841786034, 0.028974410549139285, 0.03087173922141093]","[0.35924854752741464, 0.39004707726079063, 0.3530370064533316, 0.34454422635172255, 0.33983183134260186]","[0.01861467849323677, 0.025071265188366332, 0.03001271459131335, 0.032802723456274614, 0.03484094086807363]","[0.11633123473845057, 0.193977144215918, 0.20437451226041337, 0.20905138476753538, 0.2178800828107225]","[0.016114829556061902, 0.019891264009904923, 0.0222554874280755, 0.022445249211026072, 0.026811814295407854]","[0.10639790329563584, 0.11886259703400466, 0.13191066393729078, 0.12006421718577358, 0.1281779965090787]","[0.010450584908101392, 0.011764168543239714, 0.014284994912906357, 0.013310659922998753, 0.01563446038966063]","[0.8308016657385017, 0.3234733987566625, 0.7611599716307547, 0.778953105934199, 0.8185809144823218]","[0.01986958339895237, 0.022826376393899346, 0.023413889618606173, 0.0207471305912957, 0.024311112979477023]","[0.2593449265060008, 0.2562632331697079, 0.2703446001511229, 0.2613211866531835, 0.2673849968676171]"
20,"[0.013290829360979174, 0.017876135288079055, 0.02027749311096098, 0.023163454504581252, 0.028063224884658438]","[0.1655544491825011, 0.15953552999138532, 0.2076669661909795, 0.13352944754856214, 0.13059591638475507]","[0.015697645199356958, 0.019073245356812284, 0.022344796853528238, 0.025364486094008317, 0.029241361773633567]","[0.37914707755209637, 0.41037125275628633, 0.375669515367407, 0.3641435554603498, 0.3580971411515654]","[0.01895573306782812, 0.025216088614949735, 0.029694050707336064, 0.03261602329710895, 0.03470727622697917]","[0.11271171217369313, 0.16415621556090954, 0.16013207061628612, 0.19741028913801803, 0.19941144410763553]","[0.015890057446235065, 0.018144243043312767, 0.021278939725821577, 0.02234999990378019, 0.025652171578755788]","[0.1049244013750584, 0.11112563984365094, 0.1265666345705415, 0.1168893437887799, 0.1239308288330598]","[0.010214167930655282, 0.01186071976731798, 0.012233227287362454, 0.01228612561002928, 0.013117829676685542]","[0.8392614316607647, 0.22391062531807765, 0.6530184661503988, 0.8089720045147563, 0.8276138442339054]","[0.008599141496721037, 0.007889151113623526, 0.008664573392125523, 0.008374653897609163, 0.009044378630198422]","[0.27771179443847477, 0.2778650752243494, 0.2998290267392133, 0.2844522041261386, 0.28852763841656837]"
21,"[0.012963959915356963, 0.016509371632622175, 0.019959824266910096, 0.02297800915896369, 0.027342330863871347]","[0.1621523392935009, 0.16271158792922275, 0.21607699816927264, 0.12055762907287172, 0.12575390023401709]","[0.02168914466549429, 0.031081398690825664, 0.033741683232261975, 0.03448773346661356, 0.03437683783474466]","[0.3745697412116319, 0.4225715181985541, 0.41734982050042096, 0.40483010405694464, 0.39937097020912804]","[0.01853245856553034, 0.0247824199855117, 0.028690887107238827, 0.031564168113797246, 0.03383625753904314]","[0.10549880879074988, 0.1707123798083677, 0.18940648344877803, 0.20219380908882692, 0.19700600729292175]","[0.015444725300387438, 0.01843204946938895, 0.020940710423697884, 0.022355914813684943, 0.0254242015765673]","[0.1055269577864001, 0.11307180254239248, 0.129439634091409, 0.11846603965848466, 0.12524456890616992]","[0.011309348971434877, 0.010939111030788987, 0.011894371298912534, 0.015507889405448774, 0.016026242600000615]","[0.8381399686237293, 0.2145019059748487, 0.5006523502071555, 0.7986702291347665, 0.8196170084833071]","[0.008887054330149627, 0.00944610877970147, 0.010177824201699276, 0.009891552273927741, 0.01081715198277435]","[0.27261174542459715, 0.27227196049633823, 0.28314930609991695, 0.2752062614212332, 0.2779911337491503]"
22,"[0.01341905494406428, 0.016392321430103947, 0.020225369737598517, 0.023586823318796857, 0.028342083093989338]","[0.17540902423638893, 0.16176281571834328, 0.22836678884316738, 0.136376917540099, 0.13564625096595576]","[0.01422789208336624, 0.017307155453382548, 0.02244516854568646, 0.02508346537532377, 0.028235008033873386]","[0.3418631208180481, 0.366365976199696, 0.37017494667435435, 0.38116751443968583, 0.39537878836524903]","[0.01862721324881212, 0.025966187057334982, 0.028756584398799568, 0.03180554524798254, 0.034240584849360906]","[0.09919717789790132, 0.2086539001052277, 0.2316584107776633, 0.23102879615942756, 0.22408506236784229]","[0.015436673584511213, 0.018508912599937786, 0.022302515719452257, 0.02228243899889629, 0.02554512576393806]","[0.10706728998008697, 0.11245890854718171, 0.12887048244778093, 0.1205264287342532, 0.12562659253525754]","[0.011120478907649107, 0.011207330551518584, 0.011889722315398085, 0.01463289464609452, 0.01355121645265997]","[0.7694051531101967, 0.21257231429724988, 0.304708770559845, 0.7869695262701353, 0.8103748214154748]","[0.008730679215216215, 0.011868976978278123, 0.009606387552963693, 0.009945599464762254, 0.010183160874218073]","[0.24793820619060092, 0.25785954914006703, 0.27839634429107935, 0.26585236340131657, 0.27342184744729375]"
23,"[0.012498651097275002, 0.016265637779345147, 0.019464724506171146, 0.022008121858272892, 0.026066596033876604]","[0.16450747843527305, 0.14343265420788817, 0.194145801521401, 0.1471098342585048, 0.14542940578737173]","[0.013961148650036111, 0.01715329583927515, 0.020990612021611118, 0.02363282399463565, 0.027243614989705046]","[0.34592597970524386, 0.37258189540692965, 0.3782192391721453, 0.39153919353448435, 0.4064489195068348]","[0.017641226591770122, 0.025060461338828832, 0.027829549339643895, 0.030714209703511988, 0.03333926153194477]","[0.09777437285921836, 0.21342833212619625, 0.2252751833036347, 0.22601700276797648, 0.23055445635576832]","[0.016161551663083983, 0.018890081194840178, 0.023636480447233738, 0.025059807897137173, 0.028178418899885045]","[0.10824958092422937, 0.1102531795039251, 0.12054282199858178, 0.1194262952489251, 0.1252540905129735]","[0.014454156891979562, 0.015432915779370546, 0.014903212036483307, 0.015793248977581716, 0.019433360814110706]","[0.6503011575305091, 0.20344603766982008, 0.2646098556754201, 0.6484021214152484, 0.8087351913206486]","[0.011101900449128942, 0.009475764049946015, 0.009012067242308795, 0.008890727870202817, 0.009047792813543122]","[0.22543489945460954, 0.21618524216321597, 0.21236189019051907, 0.20567963008868073, 0.19814356461879515]"
24,"[0.012432554521532767, 0.015732405350896195, 0.01912479597523464, 0.02143378340352202, 0.024460673962023016]","[0.1756726421548683, 0.13898984022964544, 0.16894221975536888, 0.15179459248219748, 0.1405586598055241]","[0.014670581236005707, 0.016715304943317983, 0.021638605042033507, 0.024011486293052182, 0.0277043210920148]","[0.3183110431533929, 0.36366229931959715, 0.37095932716392477, 0.38630897004629056, 0.40337181502009484]","[0.018236288312922067, 0.02527448801517444, 0.027378039519465328, 0.03039285939874749, 0.03306833458502424]","[0.10417485036601373, 0.25669473847913815, 0.23193543660815863, 0.2325494416687004, 0.24267017578015257]","[0.015327258107700753, 0.01887174031332145, 0.021945356065751077, 0.02221706136477801, 0.024666753111590375]","[0.10977171253308017, 0.10469473661043041, 0.1145304069637402, 0.11979982949031615, 0.12491345631694376]","[0.009575983766590926, 0.010745535674233137, 0.011443731931958181, 0.012911654037045498, 0.012296139114935845]","[0.8231414220938398, 0.1596646332120877, 0.5463541085236765, 0.7600570847267447, 0.8188482017220793]","[0.0075917740387909365, 0.008350907574872774, 0.00936977232720345, 0.008521416869181484, 0.008872121153554157]","[0.2486735518276442, 0.251101567477424, 0.2637976333755073, 0.2556467355343, 0.26002557344341903]"
25,"[0.01214682281404511, 0.015837469544651005, 0.018793425756832523, 0.025602980562789535, 0.029701705195515554]","[0.18069319789791333, 0.13120462027326657, 0.14484165654456566, 0.15675495025695332, 0.13379774299493205]","[0.015173555880526228, 0.017607887595860065, 0.021185492385021855, 0.024348151563760887, 0.0289834921036461]","[0.24943196189515035, 0.32904270015419396, 0.3486994839100045, 0.370338675740567, 0.3869631497102588]","[0.01749504695640041, 0.024600364383058564, 0.02637360479320327, 0.02912657961011334, 0.0319801804380772]","[0.11068640045637011, 0.2639543491261208, 0.2093508938296666, 0.21895447937427953, 0.24602263682476086]","[0.015345457852575283, 0.018642798223828756, 0.025250058144038225, 0.02523528232533388, 0.027556755333320613]","[0.10970458651128404, 0.10335774296236659, 0.11054732598451843, 0.11913069740067396, 0.12447075422657464]","[0.009983062581779528, 0.011505342953083947, 0.011580504713714647, 0.015085876388445683, 0.015904404996011465]","[0.7906503733722161, 0.16762297567696235, 0.5907054925500426, 0.7685175903762105, 0.8149149298168646]","[0.02168654005879442, 0.021110257939901966, 0.02354972966483272, 0.02506605981742258, 0.027010294799859506]","[0.26449168764687564, 0.2659856984502407, 0.2681522394235569, 0.26791164588658983, 0.26548265934891613]"
26,"[0.011774753479131712, 0.01478858626163288, 0.01824213281325423, 0.02112537409848379, 0.02583968310123499]","[0.19356570832346845, 0.12771916314026263, 0.13345937905773975, 0.1545244992112606, 0.11790264463693764]","[0.013711434251344428, 0.01650684479157236, 0.019872877601803438, 0.022606608314827026, 0.026805994728748964]","[0.2111765607614025, 0.27945439362514957, 0.2938078631992656, 0.3179569857361269, 0.3366242614488017]","[0.018817894455812254, 0.024439943375103936, 0.025782408293503725, 0.028271654455580355, 0.03127802725430707]","[0.13943867780448352, 0.32076689285593746, 0.2118176464056991, 0.2195864528916126, 0.25414570134176767]","[0.01681103501385849, 0.018777541829338804, 0.03206241543278191, 0.037203562592038095, 0.04021664630426921]","[0.11338707868516226, 0.10742804583384397, 0.1158816679804896, 0.12349546400101781, 0.1300700570449163]","[0.013914344587976746, 0.01315421034517646, 0.012586896068697277, 0.01301204301796149, 0.014074622370432782]","[0.5659222406899265, 0.28527704803893655, 0.5456267477464413, 0.7250449499282536, 0.8066879567775023]","[0.007799385984090515, 0.008082317115691242, 0.008794610668245148, 0.009426126896482917, 0.010565082080083851]","[0.20816787569316725, 0.22146327193924067, 0.23069142826138353, 0.21659579357757017, 0.21911069348279905]"
27,"[0.011821447735038154, 0.01482570626556587, 0.01793425795478653, 0.02077186561389658, 0.022446786107290385]","[0.19344246714724894, 0.142650940526462, 0.14044571889937757, 0.173388784349908, 0.10772894768887151]","[0.014117727640655497, 0.01668442066006008, 0.020150906236330753, 0.02298236031080386, 0.02771008432253163]","[0.1973869453404613, 0.2708592911110817, 0.2855270035058244, 0.3099048766798302, 0.32850402899610837]","[0.019027128172345573, 0.023215188208001423, 0.024763094983094536, 0.027158498348124623, 0.029976151905928044]","[0.17528125314189552, 0.3360261075410894, 0.1984760148038102, 0.2162522186517408, 0.2551957281395486]","[0.01504637700642227, 0.01791394172188136, 0.023050441182627033, 0.021775953870925253, 0.024617497504378433]","[0.11396051194419908, 0.1020095580658328, 0.10453709549026674, 0.12253195886705723, 0.128236899550024]","[0.009551213078171418, 0.010543061956045164, 0.011749601338714746, 0.012252624708530432, 0.011524757779340878]","[0.509900206603575, 0.24980591054744525, 0.5317349705593938, 0.5423335973198735, 0.779401380430418]","[0.007680466036170119, 0.008282059401388807, 0.008014313012717442, 0.009331132270342959, 0.009924659876827615]","[0.21540657936527602, 0.22347511485241123, 0.2309042514672436, 0.22491536057024303, 0.22894241566079765]"
28,"[0.011717495320929345, 0.014179069072664722, 0.017415302470312085, 0.018988181604468496, 0.023926526514504064]","[0.1888958848423535, 0.15177240715871373, 0.13681855807340754, 0.1666110620837658, 0.09896715866137104]","[0.014156415687818414, 0.018748065093258628, 0.019989764447921166, 0.022195057149594268, 0.025752167653031153]","[0.18493679458545523, 0.25971686361238305, 0.2728360598017486, 0.29454771060107443, 0.3126709453492941]","[0.01965369025788945, 0.023436399679345715, 0.0249472022168449, 0.02716851495101484, 0.03018322507969223]","[0.21657037117383168, 0.39377885477510477, 0.20299197103774705, 0.2189036466489629, 0.26181428874922824]","[0.015190125913594955, 0.020288895975738745, 0.02571240687441469, 0.0253736260309746, 0.028660992758625985]","[0.10888912220812608, 0.10460597307701988, 0.10743386666170512, 0.12370119679946469, 0.12922156006793117]","[0.009325811885655785, 0.010354443758583281, 0.010087260887722433, 0.011801133629849707, 0.01121909205967027]","[0.43048272704653107, 0.2779950500366885, 0.5797309530865237, 0.543289482770825, 0.7971694956702355]","[0.0075218972760238145, 0.008425736964199623, 0.007571221715546983, 0.008293293226255057, 0.008655835415917423]","[0.22282751344366183, 0.23030683690297307, 0.24058004621309884, 0.23389971751701957, 0.2385241758927681]"
29,"[0.012664751963101599, 0.014776716514126426, 0.017199094231846495, 0.01845176859505415, 0.021038149310674735]","[0.18521367534791686, 0.17511101297639262, 0.13473780121162265, 0.17200635319900723, 0.09606121142385457]","[0.016133203084284647, 0.01823416516562678, 0.02055752869929258, 0.0237853909823979, 0.030514101621014]","[0.15080617453527445, 0.22512596144955974, 0.23895824693134216, 0.25983721242837665, 0.2772016643769829]","[0.017835313292490464, 0.02305355580972091, 0.02484670723532003, 0.027052766769853857, 0.03000359842328941]","[0.2428026657731237, 0.4060212999222927, 0.19092843933713435, 0.2144776777112582, 0.25781723393566996]","[0.015089849107050338, 0.0184718710238104, 0.023730019975970105, 0.022774870502729572, 0.026013165492674586]","[0.12045192470361163, 0.09764024109548476, 0.10271762197757629, 0.12683911098451797, 0.1384520410589014]","[0.009317580574232898, 0.010240452319814982, 0.010030156829933206, 0.010588908370836245, 0.010916790181112038]","[0.3691268042648413, 0.2112029071119749, 0.39234865628166987, 0.42168805898926565, 0.8113151424177176]","[0.00671498761348714, 0.007207340238549056, 0.007471910871286837, 0.0074523961429024035, 0.008175027810301593]","[0.22857481187578485, 0.2388999282702917, 0.25147763107894416, 0.2412951927095459, 0.2440423113929795]"
